ibi,bpm,mean_hr,breathingrate,breathing_rate_bpm,rmssd,sdnn,pnn50,n_peaks,ppg_status,ppg_error,ppg_rr_rejected_fraction,ppg_feature_valid,ppg_high_motion_fraction,ppg_interpolated_fraction,ppg_missing_fraction,ppg_gyro_missing_fraction,ppg_timing_gap_count,window_samples,window_duration_sec,ppg_motion_threshold,gsr_mean,gsr_var,gsr_entropy,file,subject_id,session_type,hydration_status,fasting_duration_hr,window_id,window_start_sample,window_end_sample
342.8776041666668,174.98955682983322,174.98955682983322,0.24342745861733206,14.605647517039923,35.26140446671464,99.028561531902,11.11111111111111,79,review_rr_rejections,,0.6923076923076923,True,0.09244791666666667,0.0,0.0,0.0,0,1536,30.0,1.1309455092955223,0.07355529660617395,2.2414502937721712e-07,1.7195177594840494,20210408100028Apr8_10_00_fasting.csv,S1,fasting,Well Hydrated,6.174444444444444,0,0,1536
354.9986979166669,169.0147044259991,169.0147044259991,0.11755025273304338,7.053015163982603,25.461918452753885,122.58434114229898,0.0,79,review_rr_rejections,,0.6923076923076923,True,0.0,0.0,0.0,0.0,0,1536,30.0,0.8414257472357421,0.07292244377642981,3.8849516230107383e-07,1.5593574222554858,20210408100028Apr8_10_00_fasting.csv,S1,fasting,Well Hydrated,6.174444444444444,1,768,2304
,,,,,,,,28,insufficient_valid_beats,Mean of empty slice.; Degrees of freedom <= 0 for slice,1.0,False,0.3294270833333333,0.0,0.0,0.0,0,1536,30.0,6.334612131217072,0.07335788190166374,3.4498997212667653e-06,1.4301422832786626,20210408100028Apr8_10_00_fasting.csv,S1,fasting,Well Hydrated,6.174444444444444,2,1536,3072
689.7708333333329,86.98541182155914,86.98541182155914,0.24177949709864602,14.506769825918761,81.12499999999852,191.60629823757222,100.0,40,review_rr_rejections,,0.8461538461538461,True,0.703125,0.0,0.0,0.0,0,1536,30.0,9.225891508092056,0.07465577725202178,3.4554274918372695e-06,2.0779700251062945,20210408100028Apr8_10_00_fasting.csv,S1,fasting,Well Hydrated,6.174444444444444,3,2304,3840
549.4965277777778,109.19086284793528,109.19086284793528,0.2024701356549909,12.148208139299454,29.531249999994543,146.25181433202502,0.0,57,review_rr_rejections,,0.8392857142857143,True,0.5533854166666666,0.0,0.0,0.0,0,1536,30.0,4.575964855369685,0.07536415820868837,1.32128959544855e-06,1.5922070198601588,20210408100028Apr8_10_00_fasting.csv,S1,fasting,Well Hydrated,6.174444444444444,4,3072,4608
416.30978260869597,144.12344486364398,144.12344486364398,0.209139391404371,12.548363484262259,48.10723234162874,148.16392349796695,14.285714285714285,74,review_rr_rejections,,0.684931506849315,True,0.4583333333333333,0.0,0.0,0.0,0,1536,30.0,2.609911048064751,0.07602146080579099,2.648757854161279e-07,2.140250584089924,20210408100028Apr8_10_00_fasting.csv,S1,fasting,Well Hydrated,6.174444444444444,5,3840,5376
418.165178571429,143.48397015020964,143.48397015020964,0.17102787754403967,10.26167265264238,47.515216518302466,145.46620012178064,50.0,74,review_rr_rejections,,0.8082191780821918,True,0.4850260416666667,0.0,0.0,0.0,0,1536,30.0,2.295780762684641,0.07601607206284164,3.655999654592938e-07,2.2170436364861374,20210408100028Apr8_10_00_fasting.csv,S1,fasting,Well Hydrated,6.174444444444444,6,4608,6144
379.5828125,158.06827396854277,158.06827396854277,0.2637826431020839,15.826958586125032,37.870004053751586,118.44526783357767,25.0,69,review_rr_rejections,,0.7058823529411765,True,0.4850260416666667,0.0,0.0,0.0,0,1536,30.0,2.1753152255981845,0.07663884653335153,1.0934010124591641e-06,2.2300675742033627,20210408100028Apr8_10_00_fasting.csv,S1,fasting,Well Hydrated,6.174444444444444,7,5376,6912
421.5454545454544,142.33340521889158,142.33340521889158,0.21593608291945582,12.956164975167349,41.4694034895724,103.3017771717352,33.33333333333333,63,review_rr_rejections,,0.6451612903225806,True,0.501953125,0.0,0.0,0.0,0,1536,30.0,2.2545327250939784,0.07792283070838336,3.8227247960585026e-07,2.0630209101494223,20210408100028Apr8_10_00_fasting.csv,S1,fasting,Well Hydrated,6.174444444444444,8,6144,7680
401.9945652173917,149.25574918544743,149.25574918544743,0.32481593763533995,19.488956258120396,40.518649523417125,108.59917180403806,33.33333333333333,69,review_rr_rejections,"
The maximal number of iterations maxit (set to 20 by the program)
allowed for finding a smoothing spline with fp=s has been reached: s
too small.
There is an approximation returned but the corresponding weighted sum
of squared residuals does not satisfy the condition abs(fp-s)/s < tol.",0.6617647058823529,True,0.4427083333333333,0.0,0.0,0.0,0,1536,30.0,1.933791845596011,0.0786961744119481,3.167730079585148e-07,1.99085385370418,20210408100028Apr8_10_00_fasting.csv,S1,fasting,Well Hydrated,6.174444444444444,9,6912,8448
414.16815476190493,144.86869478048723,144.86869478048723,0.11507479861910243,6.904487917146145,48.4837739794016,148.72246346143723,28.57142857142857,71,review_rr_rejections,,0.7,True,0.22591145833333334,0.0,0.0,0.0,0,1536,30.0,1.1654125586984643,0.08129382162238599,5.581261465629992e-06,1.627589263959545,20210408100028Apr8_10_00_fasting.csv,S1,fasting,Well Hydrated,6.174444444444444,10,7680,9216
439.1056547619046,136.64137400492754,136.64137400492754,0.21710811984368217,13.02648719062093,49.657375891892464,138.83889207824564,33.33333333333333,72,review_rr_rejections,,0.704225352112676,True,0.154296875,0.0,0.0,0.0,0,1536,30.0,1.2231283433415474,0.0844886522668914,1.556969692093804e-06,1.6172958374154742,20210408100028Apr8_10_00_fasting.csv,S1,fasting,Well Hydrated,6.174444444444444,11,8448,9984
360.7883522727272,166.3024862694148,166.3024862694148,0.12618296529968454,7.570977917981072,31.377975456521813,105.22058511331831,20.0,75,review_rr_rejections,"
The maximal number of iterations maxit (set to 20 by the program)
allowed for finding a smoothing spline with fp=s has been reached: s
too small.
There is an approximation returned but the corresponding weighted sum
of squared residuals does not satisfy the condition abs(fp-s)/s < tol.",0.7027027027027027,True,0.14778645833333334,0.0,0.0,0.0,0,1536,30.0,1.2360053067006946,0.08611133981933998,9.298802606150244e-07,1.7598099391622495,20210408100028Apr8_10_00_fasting.csv,S1,fasting,Well Hydrated,6.174444444444444,12,9216,10752
313.8705357142857,191.16161975336738,191.16161975336738,0.15199878400972794,9.119927040583676,27.77929900348453,104.8353670029282,0.0,78,review_rr_rejections,,0.7272727272727273,True,0.0,0.0,0.0,0.0,0,1536,30.0,0.43685728628729326,0.08730144553114573,5.519324241972926e-07,2.0536652617881095,20210408100028Apr8_10_00_fasting.csv,S1,fasting,Well Hydrated,6.174444444444444,13,9984,11520
329.0774456521737,182.3279012060232,182.3279012060232,0.26462026991267534,15.877216194760521,22.768918844876975,119.44750489543206,0.0,82,review_rr_rejections,"
The maximal number of iterations maxit (set to 20 by the program)
allowed for finding a smoothing spline with fp=s has been reached: s
too small.
There is an approximation returned but the corresponding weighted sum
of squared residuals does not satisfy the condition abs(fp-s)/s < tol.",0.7160493827160493,True,0.0,0.0,0.0,0.0,0,1536,30.0,0.4544036855370382,0.08779204275572265,1.696718232340622e-07,2.0089209626525344,20210408100028Apr8_10_00_fasting.csv,S1,fasting,Well Hydrated,6.174444444444444,14,10752,12288
372.8809523809522,160.90926505331726,160.90926505331726,0.12786088735455825,7.671653241273495,31.14025730465286,122.09019029595962,20.0,74,review_rr_rejections,,0.7123287671232876,True,0.20247395833333334,0.0,0.0,0.0,0,1536,30.0,2.312704275600756,0.08793394519589258,3.0869097998658016e-06,1.770489461766252,20210408100028Apr8_10_00_fasting.csv,S1,fasting,Well Hydrated,6.174444444444444,15,11520,13056
373.88392857142907,160.4776119402983,160.4776119402983,0.255069506440505,15.304170386430302,37.28088589512058,121.14424164041712,20.0,73,review_rr_rejections,,0.7083333333333334,True,0.20638020833333334,0.0,0.0,0.0,0,1536,30.0,2.2826346523793872,0.09132658493566274,1.531880689586229e-05,1.775802301742881,20210408100028Apr8_10_00_fasting.csv,S1,fasting,Well Hydrated,6.174444444444444,16,12288,13824
340.47203947368433,176.22592472718307,176.22592472718307,0.1548467017652524,9.290802105915144,35.33674302147968,120.43573827284033,14.285714285714285,75,review_rr_rejections,,0.7432432432432432,True,0.00390625,0.0,0.0,0.0,0,1536,30.0,0.44680305193401965,0.09461848205577379,1.9698422520545275e-06,1.3347384241576052,20210408100028Apr8_10_00_fasting.csv,S1,fasting,Well Hydrated,6.174444444444444,17,13056,14592
318.89154411764747,188.1517434587868,188.1517434587868,0.18480872297172424,11.088523378303455,27.113958546233764,147.34089012945984,0.0,78,review_rr_rejections,,0.7792207792207793,True,0.0,0.0,0.0,0.0,0,1536,30.0,0.37224225099439373,0.0945304609745118,1.2846139745812728e-07,1.9217911100617364,20210408100028Apr8_10_00_fasting.csv,S1,fasting,Well Hydrated,6.174444444444444,18,13824,15360
359.6141304347825,166.84550166996635,166.84550166996635,0.12112403100775193,7.267441860465116,37.89405203574263,157.6325142937175,40.0,79,review_rr_rejections,,0.7051282051282052,True,0.0,0.0,0.0,0.0,0,1536,30.0,0.35285200318099647,0.09469168854250565,1.4027234656133107e-07,2.248232147284378,20210408100028Apr8_10_00_fasting.csv,S1,fasting,Well Hydrated,6.174444444444444,19,14592,16128
382.27604166666646,156.95464392277623,156.95464392277623,0.2183406113537118,13.100436681222709,44.19114799803113,140.22420392161743,42.857142857142854,79,review_rr_rejections,,0.6923076923076923,True,0.0,0.0,0.0,0.0,0,1536,30.0,0.3617510433170065,0.09529599680752886,1.198937253620184e-07,2.140166014990844,20210408100028Apr8_10_00_fasting.csv,S1,fasting,Well Hydrated,6.174444444444444,20,15360,16896
,,,,,,,,0,timing_gap,,,False,0.0,0.0,0.0,0.0,1,1536,30.0,0.32823692114429776,0.09601576836693182,2.81720468391456e-07,2.194008213145138,20210408100028Apr8_10_00_fasting.csv,S1,fasting,Well Hydrated,6.174444444444444,21,16128,17664
,,,,,,,,0,timing_gap,,,False,0.0,0.0,0.0,0.0,1,1536,30.0,0.3057127747107246,0.09713568329929378,6.074248795192497e-07,2.148244521025047,20210408100028Apr8_10_00_fasting.csv,S1,fasting,Well Hydrated,6.174444444444444,22,16896,18432
315.5190217391305,190.16286139986732,190.16286139986732,0.13802622498274672,8.281573498964804,45.39067609721789,109.43977730041678,28.57142857142857,77,review_rr_rejections,"
The maximal number of iterations maxit (set to 20 by the program)
allowed for finding a smoothing spline with fp=s has been reached: s
too small.
There is an approximation returned but the corresponding weighted sum
of squared residuals does not satisfy the condition abs(fp-s)/s < tol.",0.6973684210526315,True,0.0,0.0,0.0,0.0,0,1536,30.0,0.28680898841954905,0.09848265153916679,6.010381130677203e-07,2.0762028352124045,20210408100028Apr8_10_00_fasting.csv,S1,fasting,Well Hydrated,6.174444444444444,23,17664,19200
307.2552083333332,195.27740579390783,195.27740579390783,0.18112660749864154,10.867596449918492,30.81684173264703,96.32732072521758,0.0,77,review_rr_rejections,,0.7631578947368421,True,0.0,0.0,0.0,0.0,0,1536,30.0,0.41037618887847693,0.09991192924894025,8.557103770222089e-07,2.239438471607292,20210408100028Apr8_10_00_fasting.csv,S1,fasting,Well Hydrated,6.174444444444444,24,18432,19968
352.67578125000017,170.1279282272802,170.1279282272802,0.23657440264963328,14.194464158977997,45.428934457428824,145.83215433279935,44.44444444444444,77,review_rr_rejections,,0.6842105263157895,True,0.0,0.0,0.0,0.0,0,1536,30.0,0.4136736122301943,0.10149012565454978,8.889539091280819e-07,2.2121887564030582,20210408100028Apr8_10_00_fasting.csv,S1,fasting,Well Hydrated,6.174444444444444,25,19200,20736
336.32589285714295,178.39839653822153,178.39839653822153,0.31901318587834965,19.140791152700977,50.54583105392434,97.82338890945049,36.36363636363637,79,review_rr_rejections,,0.6410256410256411,True,0.0,0.0,0.0,0.0,0,1536,30.0,0.2959714171116256,0.10295804074006636,5.968727644706245e-07,2.21817320829051,20210408100028Apr8_10_00_fasting.csv,S1,fasting,Well Hydrated,6.174444444444444,26,19968,21504
363.8733552631581,164.89253508712446,164.89253508712446,0.2897291032884253,17.38374619730552,52.41232448396588,108.3010642868602,20.0,79,review_rr_rejections,,0.7564102564102564,True,0.0,0.0,0.0,0.0,0,1536,30.0,0.2888328578751262,0.10764457941707382,2.2370560445446038e-05,1.6021037689564523,20210408100028Apr8_10_00_fasting.csv,S1,fasting,Well Hydrated,6.174444444444444,27,20736,22272
364.922697368421,164.41838348965402,164.41838348965402,0.2888920988010978,17.333525928065868,52.994445893630825,130.46741799998483,16.666666666666664,77,review_rr_rejections,,0.75,True,0.0,0.0,0.0,0.0,0,1536,30.0,0.27918630318804816,0.11279011105676003,7.503632556524508e-06,1.4340184544243377,20210408100028Apr8_10_00_fasting.csv,S1,fasting,Well Hydrated,6.174444444444444,28,21504,23040
392.4718750000003,152.87719661440696,152.87719661440696,0.25513458349279244,15.308075009567547,52.09066079408478,116.3682559220003,28.57142857142857,75,review_rr_rejections,,0.7297297297297297,True,0.0,0.0,0.0,0.0,0,1536,30.0,0.3271016839763155,0.1131036115297267,1.1105767526394738e-06,2.022168113843973,20210408100028Apr8_10_00_fasting.csv,S1,fasting,Well Hydrated,6.174444444444444,29,22272,23808
345.19494047619077,173.81483030206348,173.81483030206348,0.27631942525559544,16.579165515335728,37.609538368638184,98.99038887365026,33.33333333333333,79,review_rr_rejections,,0.7307692307692307,True,0.030598958333333332,0.0,0.0,0.0,0,1536,30.0,0.5322704717203222,0.11311846760235454,1.1138148331408319e-06,2.1038403357097897,20210408100028Apr8_10_00_fasting.csv,S1,fasting,Well Hydrated,6.174444444444444,30,23040,24576
470.25000000000006,127.59170653907495,127.59170653907495,0.26606358919781825,15.963815351869094,52.342637581465816,181.06422119586608,50.0,62,review_rr_rejections,,0.7377049180327869,True,0.3723958333333333,0.0,0.0,0.0,0,1536,30.0,4.426345992728821,0.10887653538516662,4.5744465263683335e-05,1.5479280811736533,20210408100028Apr8_10_00_fasting.csv,S1,fasting,Well Hydrated,6.174444444444444,31,23808,25344
544.9921875,110.09332129187632,110.09332129187632,0.4591368227731864,27.548209366391184,,144.32327498583464,,39,insufficient_valid_beats,Mean of empty slice.; Degrees of freedom <= 0 for slice,0.8947368421052632,False,0.7662760416666666,0.0,0.0,0.0,0,1536,30.0,7.940899247390995,0.10214924201072433,3.2421563275698735e-05,2.045436040223467,20210408100028Apr8_10_00_fasting.csv,S1,fasting,Well Hydrated,6.174444444444444,32,24576,26112
748.6874999999989,80.14024542950175,80.14024542950175,,,,92.15624999999886,,34,insufficient_valid_beats,Mean of empty slice.; Degrees of freedom <= 0 for slice,0.9393939393939394,False,0.7180989583333334,0.0,0.0,0.0,0,1536,30.0,6.219270168206539,0.11150363565904368,0.00019235100069023726,2.0606891037637927,20210408100028Apr8_10_00_fasting.csv,S1,fasting,Well Hydrated,6.174444444444444,33,25344,26880
417.60661764705867,143.67588410849646,143.67588410849646,0.1410636196924813,8.463817181548878,43.1672309828779,167.43442357238143,33.33333333333333,64,review_rr_rejections,,0.7301587301587301,True,0.3326822916666667,0.0,0.0,0.0,0,1536,30.0,2.6828919555833988,0.13285349788974185,0.00017006399603892834,1.8954023059700287,20210408100028Apr8_10_00_fasting.csv,S1,fasting,Well Hydrated,6.174444444444444,34,26112,27648
324.4424999999998,184.9326151783445,184.9326151783445,0.12348728081007655,7.409236848604593,29.378678847651496,92.88152680633034,0.0,86,review_rr_rejections,,0.7058823529411765,True,0.0390625,0.0,0.0,0.0,0,1536,30.0,0.5835719497827113,0.14748942049081537,5.4184144546271005e-05,1.609739956173018,20210408100028Apr8_10_00_fasting.csv,S1,fasting,Well Hydrated,6.174444444444444,35,26880,28416
372.8476562499999,160.92363461115366,160.92363461115366,0.16784155756965424,10.070493454179255,38.93808311160544,87.55337439830757,50.0,80,review_rr_rejections,,0.7974683544303798,True,0.0,0.0,0.0,0.0,0,1536,30.0,0.49503039605251137,0.28325064135434513,0.031095264892549893,1.4281866280586537,20210408100028Apr8_10_00_fasting.csv,S1,fasting,Well Hydrated,6.174444444444444,36,27648,29184
372.483173076923,161.08110201157774,161.08110201157774,0.20678246484698096,12.406947890818858,,128.09069757478903,,80,insufficient_valid_beats,Mean of empty slice.; Degrees of freedom <= 0 for slice,0.8354430379746836,False,0.16536458333333334,0.0,0.0,0.0,0,1536,30.0,1.6649081051377044,0.4683784327261065,0.01746844560294905,1.8919013939022191,20210408100028Apr8_10_00_fasting.csv,S1,fasting,Well Hydrated,6.174444444444444,37,28416,29952
371.9732142857143,161.30193706344062,161.30193706344062,0.12818869375721062,7.6913216254326375,50.80497202333048,122.03541156008194,33.33333333333333,76,review_rr_rejections,,0.72,True,0.3131510416666667,0.0,0.0,0.0,0,1536,30.0,2.6058077804094775,0.4682458717667716,0.004544152305837331,2.1721160719451804,20210408100028Apr8_10_00_fasting.csv,S1,fasting,Well Hydrated,6.174444444444444,38,29184,30720
385.2585227272729,155.73957864774974,155.73957864774974,0.23629489603024573,14.177693761814744,51.85124778943612,142.64394493561585,28.57142857142857,73,review_rr_rejections,,0.6944444444444444,True,0.2747395833333333,0.0,0.0,0.0,0,1536,30.0,1.9188913280524318,0.3754428616964704,0.002444397059786217,2.0817584424473057,20210408100028Apr8_10_00_fasting.csv,S1,fasting,Well Hydrated,6.174444444444444,39,29952,31488
420.1180555555558,142.8169991900424,142.8169991900424,0.39719316827750567,23.83159009665034,55.74539872641177,145.57083128931015,50.0,69,review_rr_rejections,"
The maximal number of iterations maxit (set to 20 by the program)
allowed for finding a smoothing spline with fp=s has been reached: s
too small.
There is an approximation returned but the corresponding weighted sum
of squared residuals does not satisfy the condition abs(fp-s)/s < tol.",0.7352941176470589,True,0.3372395833333333,0.0,0.0,0.0,0,1536,30.0,1.9884261353515498,0.31072143647129746,0.0008380736005908348,2.1977031449288775,20210408100028Apr8_10_00_fasting.csv,S1,fasting,Well Hydrated,6.174444444444444,40,30720,32256
360.10197368421035,166.61946999662018,166.61946999662018,0.2927400468384075,17.56440281030445,49.78708153450274,133.38859607138085,42.857142857142854,69,review_rr_rejections,,0.7205882352941176,True,0.421875,0.0,0.0,0.0,0,1536,30.0,2.4833914461588584,0.2790287558069023,0.00019455372987175394,2.062690929556393,20210408100028Apr8_10_00_fasting.csv,S1,fasting,Well Hydrated,6.174444444444444,41,31488,33024
409.70312499999983,146.44750390908058,146.44750390908058,0.24440914090186974,14.664548454112184,50.090197940190784,132.7106887341666,40.0,71,review_rr_rejections,,0.7142857142857143,True,0.236328125,0.0,0.0,0.0,0,1536,30.0,1.6199872833145108,0.25476813311006297,0.0005566880890821086,2.167074098599101,20210408100028Apr8_10_00_fasting.csv,S1,fasting,Well Hydrated,6.174444444444444,42,32256,33792
405.50937499999986,147.96205389826073,147.96205389826073,0.24694406716878625,14.816644030127176,58.400996843304696,156.2285835635262,33.33333333333333,73,review_rr_rejections,,0.7222222222222222,True,0.024739583333333332,0.0,0.0,0.0,0,1536,30.0,0.6000486355878166,0.2112053768439266,0.0008530282216338584,2.207018261021798,20210408100028Apr8_10_00_fasting.csv,S1,fasting,Well Hydrated,6.174444444444444,43,33024,34560
434.8789062500001,137.96944192438625,137.96944192438625,0.28776978417266186,17.26618705035971,47.12556780161884,149.3025443205856,20.0,68,review_rr_rejections,"
The maximal number of iterations maxit (set to 20 by the program)
allowed for finding a smoothing spline with fp=s has been reached: s
too small.
There is an approximation returned but the corresponding weighted sum
of squared residuals does not satisfy the condition abs(fp-s)/s < tol.",0.7611940298507462,True,0.17122395833333334,0.0,0.0,0.0,0,1536,30.0,1.3459890154236989,0.17777918877485596,0.00011735653288675392,1.9976066321914165,20210408100028Apr8_10_00_fasting.csv,S1,fasting,Well Hydrated,6.174444444444444,44,33792,35328
411.9010416666665,145.66605550989448,145.66605550989448,0.20255215718047395,12.153129430828438,24.266143144822813,129.06004703665056,0.0,64,review_rr_rejections,,0.8095238095238095,True,0.3919270833333333,0.0,0.0,0.0,0,1536,30.0,2.2778848419460327,0.16881324651303223,6.4503853859082005e-06,2.219667352343133,20210408100028Apr8_10_00_fasting.csv,S1,fasting,Well Hydrated,6.174444444444444,45,34560,36096
421.0496323529409,142.50101505778198,142.50101505778198,0.13984058173682004,8.390434904209203,57.729226343497054,138.1137742721805,50.0,64,review_rr_rejections,,0.7301587301587301,True,0.4427083333333333,0.0,0.0,0.0,0,1536,30.0,2.090549606729094,0.16820399916359252,6.460807919540344e-06,2.129315704065521,20210408100028Apr8_10_00_fasting.csv,S1,fasting,Well Hydrated,6.174444444444444,46,35328,36864
448.4316406249998,133.79965766103223,133.79965766103223,0.27905678805636946,16.74340728338217,37.41870745988887,159.45942204109292,25.0,64,review_rr_rejections,,0.746031746031746,True,0.58984375,0.0,0.0,0.0,0,1536,30.0,2.580762735112374,0.16793802965380722,3.491768298864119e-06,2.0790733848254175,20210408100028Apr8_10_00_fasting.csv,S1,fasting,Well Hydrated,6.174444444444444,47,36096,37632
480.3203125,124.91664091345294,124.91664091345294,0.13025921583952063,7.815552950371238,12.195897213988813,148.11730947368295,0.0,65,review_rr_rejections,,0.75,True,0.591796875,0.0,0.0,0.0,0,1536,30.0,2.906637389800561,0.1679070652313718,3.196508715051386e-06,2.2057579106087757,20210408100028Apr8_10_00_fasting.csv,S1,fasting,Well Hydrated,6.174444444444444,48,36864,38400
449.9276315789473,133.3547792773692,133.3547792773692,0.11709601873536299,7.02576112412178,22.573793918501565,116.12688640959331,0.0,64,review_rr_rejections,,0.6984126984126984,True,0.443359375,0.0,0.0,0.0,0,1536,30.0,2.5177240748454324,0.16823580452042028,2.6033052327331833e-06,2.091445995792943,20210408100028Apr8_10_00_fasting.csv,S1,fasting,Well Hydrated,6.174444444444444,49,37632,39168
493.29086538461524,121.63209215970063,121.63209215970063,0.1561036528254761,9.366219169528566,66.47380142613498,179.0794827598216,100.0,60,review_rr_rejections,,0.7796610169491526,True,0.6015625,0.0,0.0,0.0,0,1536,30.0,3.664119300471055,0.16859794311086249,1.055593384655939e-05,1.4811521505501521,20210408100028Apr8_10_00_fasting.csv,S1,fasting,Well Hydrated,6.174444444444444,50,38400,39936
512.7447916666667,117.01727833250376,117.01727833250376,0.16270745200130166,9.7624471200781,65.07707019453277,142.94297913984184,66.66666666666666,59,review_rr_rejections,,0.7931034482758621,True,0.712890625,0.0,0.0,0.0,0,1536,30.0,4.038147538516454,0.1724267251142262,2.2892071687061666e-05,2.1116309162000704,20210408100028Apr8_10_00_fasting.csv,S1,fasting,Well Hydrated,6.174444444444444,51,39168,40704
422.2886029411762,142.08292523669616,142.08292523669616,0.13950892857142858,8.370535714285715,65.47094268404469,101.48172270138933,71.42857142857143,60,review_rr_rejections,"
The maximal number of iterations maxit (set to 20 by the program)
allowed for finding a smoothing spline with fp=s has been reached: s
too small.
There is an approximation returned but the corresponding weighted sum
of squared residuals does not satisfy the condition abs(fp-s)/s < tol.",0.711864406779661,True,0.5201822916666666,0.0,0.0,0.0,0,1536,30.0,2.495003043652114,0.17408934452729632,6.291072765574928e-06,2.1434483999734266,20210408100028Apr8_10_00_fasting.csv,S1,fasting,Well Hydrated,6.174444444444444,52,39936,41472
367.96875000000017,163.05732484076427,163.05732484076427,0.320358801858081,19.22152811148486,53.21728198210203,124.85658776849185,50.0,68,review_rr_rejections,,0.746268656716418,True,0.40234375,0.0,0.0,0.0,0,1536,30.0,2.0202310749546872,0.1726133958140094,3.69871153132397e-06,2.2234539202661634,20210408100028Apr8_10_00_fasting.csv,S1,fasting,Well Hydrated,6.174444444444444,53,40704,42240
323.6746323529411,185.3713390012438,185.3713390012438,0.1820830298616169,10.924981791697014,32.173028451881706,139.86909668374176,0.0,72,review_rr_rejections,,0.7605633802816901,True,0.3333333333333333,0.0,0.0,0.0,0,1536,30.0,1.950272072260719,0.17269919625186606,2.6745044475463783e-06,2.2044131292920466,20210408100028Apr8_10_00_fasting.csv,S1,fasting,Well Hydrated,6.174444444444444,54,41472,43008
343.9712499999998,174.43318300584724,174.43318300584724,0.23296447291788,13.9778683750728,46.08879114311787,104.7568262692222,18.181818181818183,72,review_rr_rejections,,0.647887323943662,True,0.13736979166666666,0.0,0.0,0.0,0,1536,30.0,1.1169427792987692,0.170623646785839,8.342409450614809e-06,2.0129831203662327,20210408100028Apr8_10_00_fasting.csv,S1,fasting,Well Hydrated,6.174444444444444,55,42240,43776
336.161830357143,178.48546319567325,178.48546319567325,0.21285653469561513,12.771392081736908,43.551750414796366,103.12189796929887,16.666666666666664,72,review_rr_rejections,,0.6056338028169014,True,0.10546875,0.0,0.0,0.0,0,1536,30.0,0.7958508541062593,0.16749349299964486,7.618936704504099e-06,2.140721085359741,20210408100028Apr8_10_00_fasting.csv,S1,fasting,Well Hydrated,6.174444444444444,56,43008,44544
293.38068181818164,204.51244311029353,204.51244311029353,0.3105107902499612,18.63064741499767,26.17200093253283,76.67722424832007,0.0,77,review_rr_rejections,,0.7105263157894737,True,0.20052083333333334,0.0,0.0,0.0,0,1536,30.0,1.0769050696158236,0.1688721880042118,9.56070887632425e-06,2.0975031156063215,20210408100028Apr8_10_00_fasting.csv,S1,fasting,Well Hydrated,6.174444444444444,57,43776,45312
315.00822368421024,190.47121785667684,190.47121785667684,0.16739203213927017,10.04352192835621,24.61943412140933,129.95738003367205,0.0,75,review_rr_rejections,,0.7432432432432432,True,0.353515625,0.0,0.0,0.0,0,1536,30.0,1.487530701015688,0.16909284109758707,8.606363664388281e-06,2.194369890682549,20210408100028Apr8_10_00_fasting.csv,S1,fasting,Well Hydrated,6.174444444444444,58,44544,46080
349.80027173913,171.526453372072,171.526453372072,0.24897298643097227,14.938379185858336,25.852307380096715,123.82401330923201,0.0,70,review_rr_rejections,,0.6666666666666666,True,0.4759114583333333,0.0,0.0,0.0,0,1536,30.0,2.10562431307732,0.17015183872599013,1.750062573600769e-05,2.14567169939231,20210408100028Apr8_10_00_fasting.csv,S1,fasting,Well Hydrated,6.174444444444444,59,45312,46848
396.3452380952382,151.3831736401045,151.3831736401045,0.12029351617947792,7.217610970768675,36.185489473508206,138.0020105570945,16.666666666666664,68,review_rr_rejections,"
The maximal number of iterations maxit (set to 20 by the program)
allowed for finding a smoothing spline with fp=s has been reached: s
too small.
There is an approximation returned but the corresponding weighted sum
of squared residuals does not satisfy the condition abs(fp-s)/s < tol.",0.6865671641791045,True,0.484375,0.0,0.0,0.0,0,1536,30.0,2.2632804459467066,0.17734452548878324,2.023812511885749e-05,2.0687787466750933,20210408100028Apr8_10_00_fasting.csv,S1,fasting,Well Hydrated,6.174444444444444,60,46080,47616
382.3402777777779,156.92827433387214,156.92827433387214,0.4366176684616504,26.197060107699023,44.06499328052478,129.02525688804897,60.0,69,review_rr_rejections,"
The maximal number of iterations maxit (set to 20 by the program)
allowed for finding a smoothing spline with fp=s has been reached: s
too small.
There is an approximation returned but the corresponding weighted sum
of squared residuals does not satisfy the condition abs(fp-s)/s < tol.",0.7352941176470589,True,0.4869791666666667,0.0,0.0,0.0,0,1536,30.0,2.4752624718144274,0.18244161291686126,6.910228954305524e-06,2.0836196478980087,20210408100028Apr8_10_00_fasting.csv,S1,fasting,Well Hydrated,6.174444444444444,61,46848,48384
427.6592261904764,140.29862171914522,140.29862171914522,0.334448160535117,20.06688963210702,65.74928892497982,140.88100008638048,100.0,76,review_rr_rejections,,0.72,True,0.4016927083333333,0.0,0.0,0.0,0,1536,30.0,2.315226205301006,0.18042754061638275,1.6342866654869214e-05,2.216860881578927,20210408100028Apr8_10_00_fasting.csv,S1,fasting,Well Hydrated,6.174444444444444,62,47616,49152
416.0888157894737,144.19998260745822,144.19998260745822,0.2532607319235152,15.195643915410914,67.35081894453812,134.7069577253437,50.0,73,review_rr_rejections,,0.7361111111111112,True,0.3450520833333333,0.0,0.0,0.0,0,1536,30.0,1.816850990769758,0.17687874930550673,9.217135481028545e-06,2.090250998073305,20210408100028Apr8_10_00_fasting.csv,S1,fasting,Well Hydrated,6.174444444444444,63,48384,49920
357.86111111111126,167.6628114569587,167.6628114569587,0.15547263681592038,9.328358208955223,31.60385595046027,123.85493684151406,0.0,68,review_rr_rejections,,0.7313432835820896,True,0.44140625,0.0,0.0,0.0,0,1536,30.0,2.455691759769612,0.17500712164475837,1.1038359379894408e-05,1.8262310897374885,20210408100028Apr8_10_00_fasting.csv,S1,fasting,Well Hydrated,6.174444444444444,64,49152,50688
410.69951923076917,146.0922090008253,146.0922090008253,0.18744142455482662,11.246485473289598,25.097362494228513,180.8689319469738,0.0,66,review_rr_rejections,,0.8,True,0.521484375,0.0,0.0,0.0,0,1536,30.0,4.331187178751448,0.17171367994609307,4.736459958180182e-06,2.1628728402596047,20210408100028Apr8_10_00_fasting.csv,S1,fasting,Well Hydrated,6.174444444444444,65,49920,51456
493.83072916666646,121.49912197900137,121.49912197900137,0.33783783783783783,20.27027027027027,33.87788271867121,167.21414188930137,33.33333333333333,65,review_rr_rejections,,0.8125,True,0.4153645833333333,0.0,0.0,0.0,0,1536,30.0,3.6792797882749118,0.16795648955836615,5.4994579798360806e-06,2.113460015774854,20210408100028Apr8_10_00_fasting.csv,S1,fasting,Well Hydrated,6.174444444444444,66,50688,52224
370.1549999999999,162.09425781091707,162.09425781091707,0.3247104665007035,19.48262799004221,27.771854077577142,125.20108809181738,12.5,73,review_rr_rejections,,0.6527777777777778,True,0.15494791666666666,0.0,0.0,0.0,0,1536,30.0,1.176636886752794,0.16541973609701074,1.8694846781654996e-06,1.9597091508481257,20210408100028Apr8_10_00_fasting.csv,S1,fasting,Well Hydrated,6.174444444444444,67,51456,52992
359.1616847826087,167.05568144418427,167.05568144418427,0.24248302618816686,14.548981571290012,26.26951071261839,126.63360410465215,0.0,74,review_rr_rejections,"
The maximal number of iterations maxit (set to 20 by the program)
allowed for finding a smoothing spline with fp=s has been reached: s
too small.
There is an approximation returned but the corresponding weighted sum
of squared residuals does not satisfy the condition abs(fp-s)/s < tol.",0.684931506849315,True,0.18294270833333334,0.0,0.0,0.0,0,1536,30.0,1.273983286709844,0.16297492281435697,6.032670969012795e-06,2.205601155594813,20210408100028Apr8_10_00_fasting.csv,S1,fasting,Well Hydrated,6.174444444444444,68,52224,53760
352.69218750000005,170.1200143538762,170.1200143538762,0.2839295854628052,17.035775127768314,57.595616830838715,112.66777042126644,40.0,71,review_rr_rejections,,0.7142857142857143,True,0.3046875,0.0,0.0,0.0,0,1536,30.0,1.6593788058833676,0.16148914855856347,1.6959624402684856e-06,1.9985937861352863,20210408100028Apr8_10_00_fasting.csv,S1,fasting,Well Hydrated,6.174444444444444,69,52992,54528
380.7083333333333,157.60096311699684,157.60096311699684,0.501002004008016,30.06012024048096,56.03824551980116,111.67212889759001,20.0,77,review_rr_rejections,"
The maximal number of iterations maxit (set to 20 by the program)
allowed for finding a smoothing spline with fp=s has been reached: s
too small.
There is an approximation returned but the corresponding weighted sum
of squared residuals does not satisfy the condition abs(fp-s)/s < tol.",0.7236842105263158,True,0.18424479166666666,0.0,0.0,0.0,0,1536,30.0,1.1776906880225486,0.15990779437236283,5.56757992542468e-06,2.224121991835519,20210408100028Apr8_10_00_fasting.csv,S1,fasting,Well Hydrated,6.174444444444444,70,53760,55296
375.00852272727303,159.99636371900627,159.99636371900627,0.24274790629930815,14.564874377958489,50.638332542219466,127.37966419868081,50.0,77,review_rr_rejections,"
The maximal number of iterations maxit (set to 20 by the program)
allowed for finding a smoothing spline with fp=s has been reached: s
too small.
There is an approximation returned but the corresponding weighted sum
of squared residuals does not satisfy the condition abs(fp-s)/s < tol.",0.7105263157894737,True,0.21614583333333334,0.0,0.0,0.0,0,1536,30.0,1.3009865960717668,0.15631062778089072,3.626981097252603e-06,2.1368362654190847,20210408100028Apr8_10_00_fasting.csv,S1,fasting,Well Hydrated,6.174444444444444,71,54528,56064
308.00999999999954,194.79887016655331,194.79887016655331,0.2601795238714713,15.610771432288278,40.53998048052184,113.26319863762019,33.33333333333333,79,review_rr_rejections,,0.6794871794871795,True,0.2109375,0.0,0.0,0.0,0,1536,30.0,1.272019698488988,0.15486474111575452,3.7462715619556383e-07,1.9936489849080226,20210408100028Apr8_10_00_fasting.csv,S1,fasting,Well Hydrated,6.174444444444444,72,55296,56832
396.0342261904761,151.50205722659555,151.50205722659555,0.36127167630057805,21.676300578034684,39.57119605586254,131.78398246485386,33.33333333333333,75,review_rr_rejections,,0.7162162162162162,True,0.18424479166666666,0.0,0.0,0.0,0,1536,30.0,1.0379725704092542,0.15413613144896776,1.1904575956632604e-06,2.1389991529613765,20210408100028Apr8_10_00_fasting.csv,S1,fasting,Well Hydrated,6.174444444444444,73,56064,57600
422.35156250000017,142.061745065759,142.061745065759,0.11852554225435583,7.111532535261349,37.4338106338572,128.29410291693753,28.57142857142857,75,review_rr_rejections,"
The maximal number of iterations maxit (set to 20 by the program)
allowed for finding a smoothing spline with fp=s has been reached: s
too small.
There is an approximation returned but the corresponding weighted sum
of squared residuals does not satisfy the condition abs(fp-s)/s < tol.",0.7297297297297297,True,0.2740885416666667,0.0,0.0,0.0,0,1536,30.0,1.4431520174625205,0.1538761826735017,1.5651751193671184e-06,2.0054369246278143,20210408100028Apr8_10_00_fasting.csv,S1,fasting,Well Hydrated,6.174444444444444,74,56832,58368
327.0312500000004,183.46870520783543,183.46870520783543,0.13317352510320948,7.990411506192569,35.92866286273651,112.0206696765494,16.666666666666664,79,review_rr_rejections,,0.7051282051282052,True,0.3444010416666667,0.0,0.0,0.0,0,1536,30.0,2.2791113495471476,0.15777020157845423,2.7637298676065315e-05,1.7688818278653446,20210408100028Apr8_10_00_fasting.csv,S1,fasting,Well Hydrated,6.174444444444444,75,57600,59136
404.1279761904759,148.46782092542006,148.46782092542006,0.11799410029498525,7.079646017699115,31.983449088943125,153.0572602549042,20.0,70,review_rr_rejections,,0.6956521739130435,True,0.5240885416666666,0.0,0.0,0.0,0,1536,30.0,3.229505404051053,0.1626401438289152,1.812230435802859e-05,1.3960520628847382,20210408100028Apr8_10_00_fasting.csv,S1,fasting,Well Hydrated,6.174444444444444,76,58368,59904
463.8083333333331,129.36378173455276,129.36378173455276,0.43159257660768235,25.89555459646094,42.82152049130844,121.20422184931248,33.33333333333333,65,review_rr_rejections,,0.765625,True,0.5501302083333334,0.0,0.0,0.0,0,1536,30.0,2.9436375241217916,0.16782405269613623,2.7075774376342107e-05,1.8000643029183387,20210408100028Apr8_10_00_fasting.csv,S1,fasting,Well Hydrated,6.174444444444444,77,59136,60672
374.23579545454527,160.32672643493189,160.32672643493189,0.12163970319912419,7.298382191947452,40.5662590432982,103.51112189059253,28.57142857142857,76,review_rr_rejections,"
The maximal number of iterations maxit (set to 20 by the program)
allowed for finding a smoothing spline with fp=s has been reached: s
too small.
There is an approximation returned but the corresponding weighted sum
of squared residuals does not satisfy the condition abs(fp-s)/s < tol.",0.7066666666666667,True,0.23502604166666666,0.0,0.0,0.0,0,1536,30.0,1.4117300184622905,0.17371333071641573,1.9205524138386196e-05,1.9363675940926872,20210408100028Apr8_10_00_fasting.csv,S1,fasting,Well Hydrated,6.174444444444444,78,59904,61440
519.7312500000003,115.44428009668452,115.44428009668452,0.25677237129284886,15.406342277570932,51.842073511169595,158.21506402481086,25.0,57,review_rr_rejections,,0.7321428571428571,True,0.208984375,0.0,0.0,0.0,0,1536,30.0,1.3095702987712128,0.176430995259839,2.7288597649255334e-06,2.1428461731782376,20210408100028Apr8_10_00_fasting.csv,S1,fasting,Well Hydrated,6.174444444444444,79,60672,62208
454.8515625000007,131.91116607409677,131.91116607409677,0.2751031636863824,16.506189821182943,,147.49880143018132,,52,insufficient_valid_beats,"Mean of empty slice.; Degrees of freedom <= 0 for slice; 
The maximal number of iterations maxit (set to 20 by the program)
allowed for finding a smoothing spline with fp=s has been reached: s
too small.
There is an approximation returned but the corresponding weighted sum
of squared residuals does not satisfy the condition abs(fp-s)/s < tol.",0.8431372549019608,False,0.404296875,0.0,0.0,0.0,0,1536,30.0,2.0321951809678076,0.1776383256659745,6.232998158465353e-06,2.207091711127637,20210408100028Apr8_10_00_fasting.csv,S1,fasting,Well Hydrated,6.174444444444444,80,61440,62976
407.04241071428544,147.40478736530403,147.40478736530403,0.35137034434293746,21.082220660576247,21.27601042939298,142.21537580316613,0.0,65,review_rr_rejections,,0.78125,True,0.4615885416666667,0.0,0.0,0.0,0,1536,30.0,2.1181624904219887,0.17830007609179535,4.978031146830992e-06,2.255559971883025,20210408100028Apr8_10_00_fasting.csv,S1,fasting,Well Hydrated,6.174444444444444,81,62208,63744
410.4670138888891,146.1749616163837,146.1749616163837,0.1355197181189863,8.131183087139178,59.63867644838881,134.14656191248767,50.0,67,review_rr_rejections,"
The maximal number of iterations maxit (set to 20 by the program)
allowed for finding a smoothing spline with fp=s has been reached: s
too small.
There is an approximation returned but the corresponding weighted sum
of squared residuals does not satisfy the condition abs(fp-s)/s < tol.",0.7272727272727273,True,0.4205729166666667,0.0,0.0,0.0,0,1536,30.0,1.997017841500251,0.18044560854431782,7.140221339405749e-06,2.1801439316826907,20210408100028Apr8_10_00_fasting.csv,S1,fasting,Well Hydrated,6.174444444444444,82,62976,64512
440.73363095238096,136.13664986342442,136.13664986342442,0.3245699448231094,19.474196689386567,65.84173712090478,121.86384473484055,57.14285714285714,73,review_rr_rejections,,0.7083333333333334,True,0.3671875,0.0,0.0,0.0,0,1536,30.0,1.7868100536070932,0.1816269011971399,3.7097807229199402e-06,2.0914976864429193,20210408100028Apr8_10_00_fasting.csv,S1,fasting,Well Hydrated,6.174444444444444,83,63744,65280
451.68585526315826,132.83568502503402,132.83568502503402,0.11665888940737283,6.99953336444237,65.89532493019716,109.21993400348582,66.66666666666666,72,review_rr_rejections,"
The maximal number of iterations maxit (set to 20 by the program)
allowed for finding a smoothing spline with fp=s has been reached: s
too small.
There is an approximation returned but the corresponding weighted sum
of squared residuals does not satisfy the condition abs(fp-s)/s < tol.",0.7323943661971831,True,0.2955729166666667,0.0,0.0,0.0,0,1536,30.0,1.4860903258910811,0.18052120672862892,2.4192857588844617e-06,1.8985480175219742,20210408100028Apr8_10_00_fasting.csv,S1,fasting,Well Hydrated,6.174444444444444,84,64512,66048
,,,,,,,,0,timing_gap,,,False,0.3600260416666667,0.0,0.0,0.0,1,1536,30.0,1.9288284666999171,0.18048714389876083,3.2876354947760133e-06,2.1235391004926347,20210408100028Apr8_10_00_fasting.csv,S1,fasting,Well Hydrated,6.174444444444444,85,65280,66816
,,,,,,,,0,timing_gap,,,False,0.36328125,0.0,0.0,0.0,1,1536,30.0,2.1586904185105804,0.1822718317659231,7.074840564888193e-06,2.0732452045826264,20210408100028Apr8_10_00_fasting.csv,S1,fasting,Well Hydrated,6.174444444444444,86,66048,67584
366.36458333333326,163.77128884592423,163.77128884592423,0.3036283588887202,18.21770153332321,33.7950003814353,109.25545004124636,16.666666666666664,74,review_rr_rejections,,0.7534246575342466,True,0.21354166666666666,0.0,0.0,0.0,0,1536,30.0,1.5238522114031952,0.18209063174826104,6.678442347148493e-06,2.1379281918486552,20210408100028Apr8_10_00_fasting.csv,S1,fasting,Well Hydrated,6.174444444444444,87,66816,68352
562.7,106.62875422072152,106.62875422072152,0.35574528637495556,21.344717182497334,88.99407642096668,146.40378146264723,100.0,46,review_rr_rejections,,0.7777777777777778,True,0.5130208333333334,0.0,0.0,0.0,0,1536,30.0,4.026553507820217,0.18720756615110798,5.955493026362785e-05,1.830508190284732,20210408100028Apr8_10_00_fasting.csv,S1,fasting,Well Hydrated,6.174444444444444,88,67584,69120
656.2187500000001,91.4329253773989,91.4329253773989,0.25412960609911056,15.247776365946633,65.24175669313502,94.2868293288929,50.0,40,review_rr_rejections,,0.8461538461538461,True,0.501953125,0.0,0.0,0.0,0,1536,30.0,3.9428476604105973,0.20195929932991308,9.148657797998967e-05,2.125999378528942,20210408100028Apr8_10_00_fasting.csv,S1,fasting,Well Hydrated,6.174444444444444,89,68352,69888
411.3011363636368,145.87851745430922,145.87851745430922,0.22131238242779683,13.27874294566781,57.141877293497494,140.9930050780996,40.0,73,review_rr_rejections,"
The maximal number of iterations maxit (set to 20 by the program)
allowed for finding a smoothing spline with fp=s has been reached: s
too small.
There is an approximation returned but the corresponding weighted sum
of squared residuals does not satisfy the condition abs(fp-s)/s < tol.",0.6944444444444444,True,0.4518229166666667,0.0,0.0,0.0,0,1536,30.0,1.9705328552390284,0.2050127789614856,4.661248086651353e-05,1.917811139081893,20210408100028Apr8_10_00_fasting.csv,S1,fasting,Well Hydrated,6.174444444444444,90,69120,70656
398.36778846153874,150.6145871675888,150.6145871675888,0.3868471953578337,23.210831721470022,44.3654112292645,148.5391750229662,33.33333333333333,73,review_rr_rejections,,0.6388888888888888,True,0.451171875,0.0,0.0,0.0,0,1536,30.0,2.114815780499938,0.20265901446618573,9.641379550238308e-06,2.2029845725327877,20210408100028Apr8_10_00_fasting.csv,S1,fasting,Well Hydrated,6.174444444444444,91,69888,71424
371.25462962962945,161.61414622588578,161.61414622588578,0.3997601439136518,23.98560863481911,41.98569956108631,106.93917579363972,28.57142857142857,79,review_rr_rejections,"
The maximal number of iterations maxit (set to 20 by the program)
allowed for finding a smoothing spline with fp=s has been reached: s
too small.
There is an approximation returned but the corresponding weighted sum
of squared residuals does not satisfy the condition abs(fp-s)/s < tol.",0.6538461538461539,True,0.10416666666666667,0.0,0.0,0.0,0,1536,30.0,0.8937179895285388,0.20167342737962587,1.8707507995537202e-05,2.2167103589665644,20210408100028Apr8_10_00_fasting.csv,S1,fasting,Well Hydrated,6.174444444444444,92,70656,72192
350.09875000000017,171.38021772428485,171.38021772428485,0.22888532845044635,13.73311970702678,47.47639087409338,102.42477067035594,37.5,76,review_rr_rejections,,0.6666666666666666,True,0.0,0.0,0.0,0.0,0,1536,30.0,0.2877608430584902,0.19399668911880416,2.57127838812429e-05,2.2271812636086503,20210408100028Apr8_10_00_fasting.csv,S1,fasting,Well Hydrated,6.174444444444444,93,71424,72960
394.65353260869597,152.03208648202008,152.03208648202008,0.4411602514613433,26.469615087680598,58.05240762664424,120.97665180248087,50.0,72,review_rr_rejections,,0.676056338028169,True,0.0,0.0,0.0,0.0,0,1536,30.0,0.3135868596257984,0.18613130074597098,1.5502938595200312e-05,2.2467660945987387,20210408100028Apr8_10_00_fasting.csv,S1,fasting,Well Hydrated,6.174444444444444,94,72192,73728
369.41374999999977,162.41950929005765,162.41950929005765,0.10840108401084012,6.504065040650407,54.53238077010267,105.61376023037904,42.857142857142854,72,review_rr_rejections,"
The maximal number of iterations maxit (set to 20 by the program)
allowed for finding a smoothing spline with fp=s has been reached: s
too small.
There is an approximation returned but the corresponding weighted sum
of squared residuals does not satisfy the condition abs(fp-s)/s < tol.",0.647887323943662,True,0.080078125,0.0,0.0,0.0,0,1536,30.0,0.7028135360931794,0.18049564297456386,1.0608646423681794e-05,2.2526052792003237,20210408100028Apr8_10_00_fasting.csv,S1,fasting,Well Hydrated,6.174444444444444,95,72960,74496
381.2689732142857,157.36921757406685,157.36921757406685,0.37512895057676077,22.507737034605647,52.308438146460844,108.73367826360685,30.76923076923077,75,review_rr_rejections,,0.6216216216216216,True,0.16276041666666666,0.0,0.0,0.0,0,1536,30.0,1.195563685239067,0.18161041759081928,1.536404613040603e-05,2.1912789393413057,20210408100028Apr8_10_00_fasting.csv,S1,fasting,Well Hydrated,6.174444444444444,96,73728,75264
418.396634615385,143.40459515205126,143.40459515205126,0.09202171712524156,5.521303027514493,53.03657776223094,143.38237790175162,41.66666666666667,72,review_rr_rejections,,0.6338028169014085,True,0.22721354166666666,0.0,0.0,0.0,0,1536,30.0,2.4668385382662263,0.18319970175615616,1.0485198185479631e-05,2.179647532011283,20210408100028Apr8_10_00_fasting.csv,S1,fasting,Well Hydrated,6.174444444444444,97,74496,76032
334.77138157894717,179.22678968856408,179.22678968856408,0.1574555188159345,9.44733112895607,39.57933834006429,123.81849722974587,20.0,75,review_rr_rejections,,0.7432432432432432,True,0.14908854166666666,0.0,0.0,0.0,0,1536,30.0,2.170731969844217,0.18493796598086143,1.8989698983507407e-05,1.8572562338668486,20210408100028Apr8_10_00_fasting.csv,S1,fasting,Well Hydrated,6.174444444444444,98,75264,76800
305.38988095238136,196.47016401750273,196.47016401750273,0.15620118712902217,9.37207122774133,29.426231919836333,90.89280965925603,0.0,78,review_rr_rejections,,0.7272727272727273,True,0.11458333333333333,0.0,0.0,0.0,0,1536,30.0,0.9228944634846398,0.18652373286232823,4.291635838975944e-06,2.255936627740287,20210408100028Apr8_10_00_fasting.csv,S1,fasting,Well Hydrated,6.174444444444444,99,76032,77568
394.0984374999999,152.24622655348645,152.24622655348645,0.3811459789099225,22.868758734595353,46.05119857967752,117.35594155833346,33.33333333333333,76,review_rr_rejections,,0.7333333333333333,True,0.21744791666666666,0.0,0.0,0.0,0,1536,30.0,1.2816129012942896,0.18355759796842527,2.21218038303058e-06,2.196615196314424,20210408100028Apr8_10_00_fasting.csv,S1,fasting,Well Hydrated,6.174444444444444,100,76800,78336
316.66999999999973,189.47168977168678,189.47168977168678,0.12651821862348178,7.5910931174089065,19.032938143516787,136.57477635896024,0.0,80,review_rr_rejections,,0.6835443037974683,True,0.107421875,0.0,0.0,0.0,0,1536,30.0,1.0752915526438895,0.18226210491393027,7.613848107358308e-07,1.8048976943041495,20210408100028Apr8_10_00_fasting.csv,S1,fasting,Well Hydrated,6.174444444444444,101,77568,79104
337.3846153846153,177.8385772913817,177.8385772913817,0.11418131993605844,6.850879196163507,15.062451374403265,150.59711748424533,0.0,76,review_rr_rejections,,0.6533333333333333,True,0.23046875,0.0,0.0,0.0,0,1536,30.0,1.5222653468180567,0.1827907082373953,4.2518150678497394e-06,1.8422197481578764,20210408100028Apr8_10_00_fasting.csv,S1,fasting,Well Hydrated,6.174444444444444,102,78336,79872
394.03749999999997,152.2697712781144,152.2697712781144,0.16943409013893596,10.166045408336156,57.59374999999784,163.9760217322191,100.0,69,review_rr_rejections,,0.7794117647058824,True,0.4837239583333333,0.0,0.0,0.0,0,1536,30.0,2.246639265656317,0.18601457911172078,1.4212342878584978e-05,1.8914307291222063,20210408100028Apr8_10_00_fasting.csv,S1,fasting,Well Hydrated,6.174444444444444,103,79104,80640
439.33281250000016,136.57072336248496,136.57072336248496,0.34180243819072575,20.508146291443545,49.04145846564451,153.24741639689785,60.0,71,review_rr_rejections,,0.7142857142857143,True,0.3854166666666667,0.0,0.0,0.0,0,1536,30.0,1.8194048992450658,0.19293286008695607,2.8399693338685036e-05,1.869111016058274,20210408100028Apr8_10_00_fasting.csv,S1,fasting,Well Hydrated,6.174444444444444,104,79872,81408
410.2283653846152,146.2599982420674,146.2599982420674,0.093870271285084,5.63221627710504,45.70195377772692,119.37667253951629,37.5,75,review_rr_rejections,,0.6486486486486487,True,0.14453125,0.0,0.0,0.0,0,1536,30.0,1.1781144380521014,0.1974360015290991,6.054831693617516e-06,2.072426075112896,20210408100028Apr8_10_00_fasting.csv,S1,fasting,Well Hydrated,6.174444444444444,105,80640,82176
339.2575,176.85681230333893,176.85681230333893,0.2361553902467824,14.169323414806943,56.16552511049336,96.79307071014955,60.0,79,review_rr_rejections,,0.6794871794871795,True,0.018229166666666668,0.0,0.0,0.0,0,1536,30.0,0.7082462823456336,0.19636469909331303,1.1882417126670272e-05,1.9153102032027038,20210408100028Apr8_10_00_fasting.csv,S1,fasting,Well Hydrated,6.174444444444444,106,81408,82944
314.52213541666697,190.76558767641038,190.76558767641038,0.26542800265428,15.925680159256801,46.9373231521305,117.62343862400158,20.0,78,review_rr_rejections,,0.6883116883116883,True,0.005859375,0.0,0.0,0.0,0,1536,30.0,0.487913674559559,0.1981468834475358,2.4425580682551628e-05,2.1229518423885776,20210408100028Apr8_10_00_fasting.csv,S1,fasting,Well Hydrated,6.174444444444444,107,82176,83712
348.07161458333366,172.37831953583532,172.37831953583532,0.35966910442393,21.5801462654358,41.095195138562644,129.42232411159915,37.5,79,review_rr_rejections,,0.6923076923076923,True,0.032552083333333336,0.0,0.0,0.0,0,1536,30.0,0.5170681878261033,0.19697339666458755,2.5145998135762045e-05,2.1915438570369488,20210408100028Apr8_10_00_fasting.csv,S1,fasting,Well Hydrated,6.174444444444444,108,82944,84480
340.84374999999983,176.03373980012844,176.03373980012844,0.2351281448389372,14.107688690336232,39.00994214219619,121.94659051199406,40.0,82,review_rr_rejections,,0.691358024691358,True,0.032552083333333336,0.0,0.0,0.0,0,1536,30.0,0.5277830951654775,0.19753673611544129,3.102754247633369e-05,2.179667951808001,20210408100028Apr8_10_00_fasting.csv,S1,fasting,Well Hydrated,6.174444444444444,109,83712,85248
314.98842592592604,190.48318941760053,190.48318941760053,0.117813383600377,7.0688030160226205,31.712124718578828,101.10848776602533,16.666666666666664,87,review_rr_rejections,,0.686046511627907,True,0.0,0.0,0.0,0.0,0,1536,30.0,0.5166478634996112,0.19899773065996862,2.0818344096142302e-05,2.212669138280372,20210408100028Apr8_10_00_fasting.csv,S1,fasting,Well Hydrated,6.174444444444444,110,84480,86016
297.1731770833333,201.90247514557748,201.90247514557748,0.28105677346824054,16.863406408094434,39.09636210869119,100.10797677147664,14.285714285714285,83,review_rr_rejections,,0.7073170731707317,True,0.0,0.0,0.0,0.0,0,1536,30.0,0.5039934323876946,0.1963226499592643,8.728775840400452e-06,2.118541765004628,20210408100028Apr8_10_00_fasting.csv,S1,fasting,Well Hydrated,6.174444444444444,111,85248,86784
307.6523437499998,195.02533043842624,195.02533043842624,0.13570362328674176,8.142217397204506,32.623020089074366,92.19913914541326,0.0,82,review_rr_rejections,"
The maximal number of iterations maxit (set to 20 by the program)
allowed for finding a smoothing spline with fp=s has been reached: s
too small.
There is an approximation returned but the corresponding weighted sum
of squared residuals does not satisfy the condition abs(fp-s)/s < tol.",0.7037037037037037,True,0.0,0.0,0.0,0.0,0,1536,30.0,0.35807706742815276,0.19903956361267347,2.5732500850092364e-05,2.2633881568174803,20210408100028Apr8_10_00_fasting.csv,S1,fasting,Well Hydrated,6.174444444444444,112,86016,87552
353.2130681818179,169.86913963532842,169.86913963532842,0.1288659793814433,7.731958762886599,34.59518967194136,123.20717242240725,0.0,75,review_rr_rejections,,0.7027027027027027,True,0.150390625,0.0,0.0,0.0,0,1536,30.0,0.921462869006799,0.20076060009722693,1.646438062805446e-05,2.077007418981399,20210408100028Apr8_10_00_fasting.csv,S1,fasting,Well Hydrated,6.174444444444444,113,86784,88320
354.3541666666668,169.32212358163318,169.32212358163318,0.15696123057604772,9.417673834562862,39.062499999995566,139.1994788071188,0.0,74,review_rr_rejections,,0.7534246575342466,True,0.24544270833333334,0.0,0.0,0.0,0,1536,30.0,1.3762934499821877,0.2004066734562389,1.3266686748224404e-06,2.0217824684368546,20210408100028Apr8_10_00_fasting.csv,S1,fasting,Well Hydrated,6.174444444444444,114,87552,89088
419.42187500000017,143.0540550609097,143.0540550609097,0.2651464934376243,15.908789606257459,,136.55775689783079,,80,insufficient_valid_beats,Mean of empty slice.; Degrees of freedom <= 0 for slice,0.7721518987341772,False,0.15885416666666666,0.0,0.0,0.0,0,1536,30.0,1.0826177087889859,0.2155396255141563,0.0004246621896105002,1.4985922160936904,20210408100028Apr8_10_00_fasting.csv,S1,fasting,Well Hydrated,6.174444444444444,115,88320,89856
442.8738425925926,135.4787621882538,135.4787621882538,0.16747613465081226,10.048568079048735,49.17116648282146,113.1470840173751,30.0,76,review_rr_rejections,,0.64,True,0.12369791666666667,0.0,0.0,0.0,0,1536,30.0,1.0271900252408799,0.24120417912251144,0.000324317827678769,1.922824151779987,20210408100028Apr8_10_00_fasting.csv,S1,fasting,Well Hydrated,6.174444444444444,116,89088,90624
433.5486111111111,138.39278563534143,138.39278563534143,0.25660764690787785,15.396458814472672,39.362502150152785,96.98003652094286,16.666666666666664,75,review_rr_rejections,"
The maximal number of iterations maxit (set to 20 by the program)
allowed for finding a smoothing spline with fp=s has been reached: s
too small.
There is an approximation returned but the corresponding weighted sum
of squared residuals does not satisfy the condition abs(fp-s)/s < tol.",0.6351351351351351,True,0.107421875,0.0,0.0,0.0,0,1536,30.0,1.0221547671787372,0.257366499642012,0.00011918013207781637,2.0489332302700025,20210408100028Apr8_10_00_fasting.csv,S1,fasting,Well Hydrated,6.174444444444444,117,89856,91392
423.73026315789485,141.59951558060456,141.59951558060456,0.12437810945273631,7.462686567164178,41.55189401018027,111.33303340311828,16.666666666666664,73,review_rr_rejections,,0.7361111111111112,True,0.12239583333333333,0.0,0.0,0.0,0,1536,30.0,1.0187685885472166,0.2670547680005743,9.903763258975992e-05,1.8551133980022272,20210408100028Apr8_10_00_fasting.csv,S1,fasting,Well Hydrated,6.174444444444444,118,90624,92160
324.07880434782595,185.14015478656066,185.14015478656066,0.268781077812122,16.126864668727322,37.825466957076145,112.37454201342919,16.666666666666664,82,review_rr_rejections,"
The maximal number of iterations maxit (set to 20 by the program)
allowed for finding a smoothing spline with fp=s has been reached: s
too small.
There is an approximation returned but the corresponding weighted sum
of squared residuals does not satisfy the condition abs(fp-s)/s < tol.",0.7160493827160493,True,0.10611979166666667,0.0,0.0,0.0,0,1536,30.0,0.8595248825917728,0.2771965461278819,0.00011478199808764583,1.813600526449079,20210408100028Apr8_10_00_fasting.csv,S1,fasting,Well Hydrated,6.174444444444444,119,91392,92928
297.21875000000006,201.87151719062135,201.87151719062135,0.26972353337828725,16.183412002697235,23.442291176952867,143.51944282483117,0.0,89,review_rr_rejections,,0.7159090909090909,True,0.10611979166666667,0.0,0.0,0.0,0,1536,30.0,0.9179054283618727,0.2716882286604936,0.0002113967369660103,2.014725751054589,20210408100028Apr8_10_00_fasting.csv,S1,fasting,Well Hydrated,6.174444444444444,120,92160,93696
340.63636363636346,176.14091273018425,176.14091273018425,0.4010695187165775,24.064171122994647,7.571566104924265,135.48678924189613,0.0,82,review_rr_rejections,,0.7283950617283951,True,0.14778645833333334,0.0,0.0,0.0,0,1536,30.0,1.1355876710820691,0.2554108414763056,4.185494427433288e-05,2.1555549808153613,20210408100028Apr8_10_00_fasting.csv,S1,fasting,Well Hydrated,6.174444444444444,121,92928,94464
377.7205882352941,158.84757640646293,158.84757640646293,0.311963812197785,18.7178287318671,4.527692569070479,169.08327977608462,0.0,70,review_rr_rejections,,0.7536231884057971,True,0.20247395833333334,0.0,0.0,0.0,0,1536,30.0,1.1603305353797755,0.24441248319336892,5.350767022268624e-05,2.1607814034890884,20210408100028Apr8_10_00_fasting.csv,S1,fasting,Well Hydrated,6.174444444444444,122,93696,95232
364.3110119047621,164.69444523868842,164.69444523868842,0.26181437360911114,15.708862416546669,32.11976489445459,152.5847492348119,20.0,71,review_rr_rejections,"
The maximal number of iterations maxit (set to 20 by the program)
allowed for finding a smoothing spline with fp=s has been reached: s
too small.
There is an approximation returned but the corresponding weighted sum
of squared residuals does not satisfy the condition abs(fp-s)/s < tol.",0.7,True,0.12955729166666666,0.0,0.0,0.0,0,1536,30.0,0.9750515521284734,0.2398205352822681,1.7164753875593106e-05,2.0711485092743422,20210408100028Apr8_10_00_fasting.csv,S1,fasting,Well Hydrated,6.174444444444444,123,94464,96000
358.203947368421,167.50234172681692,167.50234172681692,0.2942474621156393,17.654847726938357,35.14652295991619,125.24603146306528,25.0,78,review_rr_rejections,"
The maximal number of iterations maxit (set to 20 by the program)
allowed for finding a smoothing spline with fp=s has been reached: s
too small.
There is an approximation returned but the corresponding weighted sum
of squared residuals does not satisfy the condition abs(fp-s)/s < tol.",0.7532467532467533,True,0.04296875,0.0,0.0,0.0,0,1536,30.0,0.8941370321039659,0.24194037288664935,1.2464089536512571e-05,1.8318539215674874,20210408100028Apr8_10_00_fasting.csv,S1,fasting,Well Hydrated,6.174444444444444,124,95232,96768
380.81960227272725,157.5549148256042,157.5549148256042,0.3586371787208607,21.51823072325164,53.36677154079841,143.62994923201114,20.0,75,review_rr_rejections,,0.7027027027027027,True,0.04296875,0.0,0.0,0.0,0,1536,30.0,0.7653253928138858,0.24211671597070727,5.385826669106599e-06,1.9826610139731082,20210408100028Apr8_10_00_fasting.csv,S1,fasting,Well Hydrated,6.174444444444444,125,96000,97536
351.34027777777777,170.7746130887672,170.7746130887672,0.10560777273207309,6.3364663639243854,48.980942454402324,127.66376990446095,27.27272727272727,77,review_rr_rejections,,0.6447368421052632,True,0.0,0.0,0.0,0.0,0,1536,30.0,0.4602379816395703,0.24177109284994716,2.0925511233514774e-05,2.1379964065953665,20210408100028Apr8_10_00_fasting.csv,S1,fasting,Well Hydrated,6.174444444444444,126,96768,98304
776.7437499999996,77.24555234593137,77.24555234593137,0.2576655501159495,15.45993300695697,98.35429519249489,101.60488999981756,100.0,34,review_rr_rejections,,0.8484848484848485,True,0.353515625,0.0,0.0,0.0,0,1536,30.0,5.89256970024642,0.24323459788212154,2.4674622217923626e-05,1.9577102458961793,20210408100028Apr8_10_00_fasting.csv,S1,fasting,Well Hydrated,6.174444444444444,127,97536,99072
678.4609375,88.43545248321684,88.43545248321684,0.3687315634218289,22.123893805309734,116.71874999999886,60.91555043392407,100.0,35,review_rr_rejections,,0.8823529411764706,True,0.5553385416666666,0.0,0.0,0.0,0,1536,30.0,6.974602413977835,0.2545015513894324,0.00014417770557259202,2.0944703393302055,20210408100028Apr8_10_00_fasting.csv,S1,fasting,Well Hydrated,6.174444444444444,128,98304,99840
618.1119791666662,97.0697899770387,97.0697899770387,0.1349345567399811,8.096073404398865,92.67110573361445,68.47671115373363,50.0,49,review_rr_rejections,,0.75,True,0.5234375,0.0,0.0,0.0,0,1536,30.0,4.339996078889846,0.2892345513996292,0.003923408820286047,1.1214050756473601,20210408100028Apr8_10_00_fasting.csv,S1,fasting,Well Hydrated,6.174444444444444,129,99072,100608
616.9218750000001,97.25704733682849,97.25704733682849,0.16220600162206,9.7323600973236,107.00581814643265,71.58785474691658,66.66666666666666,48,review_rr_rejections,,0.7872340425531915,True,0.6061197916666666,0.0,0.0,0.0,0,1536,30.0,4.191463955569587,0.35039504637253177,0.0050413525331385696,1.9818866174082068,20210408100028Apr8_10_00_fasting.csv,S1,fasting,Well Hydrated,6.174444444444444,130,99840,101376
383.8593750000001,156.30724142141892,156.30724142141892,0.1863238308179616,11.179429849077696,33.765158632827436,107.72650474982376,0.0,66,review_rr_rejections,,0.7846153846153846,True,0.6197916666666666,0.0,0.0,0.0,0,1536,30.0,2.6613591270635824,0.3598452397571709,0.0012211801181569784,2.033024073319833,20210408100028Apr8_10_00_fasting.csv,S1,fasting,Well Hydrated,6.174444444444444,131,100608,102144
494.842105263158,121.25079770261644,121.25079770261644,0.31942078364565585,19.16524701873935,62.35357691975142,123.17209536853588,60.0,61,review_rr_rejections,,0.6833333333333333,True,0.6796875,0.0,0.0,0.0,0,1536,30.0,4.720446137844587,0.3322891898557698,5.413254204836927e-05,2.2288665049673635,20210408100028Apr8_10_00_fasting.csv,S1,fasting,Well Hydrated,6.174444444444444,132,101376,102912
441.9361979166667,135.76620399697117,135.76620399697117,0.2831524303916942,16.98914582350165,52.563600376278075,112.43007646102119,45.45454545454545,69,review_rr_rejections,"
The maximal number of iterations maxit (set to 20 by the program)
allowed for finding a smoothing spline with fp=s has been reached: s
too small.
There is an approximation returned but the corresponding weighted sum
of squared residuals does not satisfy the condition abs(fp-s)/s < tol.",0.6470588235294118,True,0.5201822916666666,0.0,0.0,0.0,0,1536,30.0,3.977836115548391,0.32900300475757943,4.172664298922971e-05,2.1846968505670117,20210408100028Apr8_10_00_fasting.csv,S1,fasting,Well Hydrated,6.174444444444444,133,102144,103680
411.1093749999999,145.94656227433396,145.94656227433396,0.3653190452995616,21.919142717973696,36.70485907461694,115.41784377690193,0.0,70,review_rr_rejections,,0.7101449275362319,True,0.4485677083333333,0.0,0.0,0.0,0,1536,30.0,3.4765671898350434,0.32178828629533546,5.354004095611197e-05,2.0909936474360005,20210408100028Apr8_10_00_fasting.csv,S1,fasting,Well Hydrated,6.174444444444444,134,102912,104448
425.28124999999994,141.0831067675803,141.0831067675803,0.2139952921035737,12.839717526214422,45.48169381912244,109.6248882424016,0.0,67,review_rr_rejections,,0.8333333333333334,True,0.568359375,0.0,0.0,0.0,0,1536,30.0,4.977417877504666,0.315386314756525,2.6939419912210632e-05,2.1441932503482257,20210408100028Apr8_10_00_fasting.csv,S1,fasting,Well Hydrated,6.174444444444444,135,103680,105216
447.32986111111046,134.12920803222846,134.12920803222846,0.24863252113376427,14.917951268025856,49.06249999999886,130.87930547736548,0.0,60,review_rr_rejections,"
The maximal number of iterations maxit (set to 20 by the program)
allowed for finding a smoothing spline with fp=s has been reached: s
too small.
There is an approximation returned but the corresponding weighted sum
of squared residuals does not satisfy the condition abs(fp-s)/s < tol.",0.847457627118644,True,0.732421875,0.0,0.0,0.0,0,1536,30.0,4.113990412943838,0.31350872057256285,2.8242174074782802e-05,2.0608919614939674,20210408100028Apr8_10_00_fasting.csv,S1,fasting,Well Hydrated,6.174444444444444,136,104448,105984
406.9031249999998,147.45524502914552,147.45524502914552,0.24603272235207285,14.761963341124371,31.523183167454263,131.06302638336095,14.285714285714285,64,review_rr_rejections,,0.6825396825396826,True,0.6087239583333334,0.0,0.0,0.0,0,1536,30.0,2.7338664750900463,0.3232786833613402,0.0001639120421117658,2.170523959626773,20210408100028Apr8_10_00_fasting.csv,S1,fasting,Well Hydrated,6.174444444444444,137,105216,106752
395.38715277777777,151.74999890227141,151.74999890227141,0.28141269171239625,16.884761502743775,22.067198803219863,125.37519002824651,0.0,69,review_rr_rejections,,0.7352941176470589,True,0.3756510416666667,0.0,0.0,0.0,0,1536,30.0,1.7354223601600538,0.32861114075385217,7.273738445692894e-05,1.966712660036061,20210408100028Apr8_10_00_fasting.csv,S1,fasting,Well Hydrated,6.174444444444444,138,105984,107520
402.9963235294119,148.88473292888742,148.88473292888742,0.14615609470914936,8.769365682548962,28.877172875495415,151.8244222859955,0.0,71,review_rr_rejections,,0.7571428571428571,True,0.4296875,0.0,0.0,0.0,0,1536,30.0,1.7002377880951869,0.3188087763053093,3.9053496416380266e-05,2.1041519720735735,20210408100028Apr8_10_00_fasting.csv,S1,fasting,Well Hydrated,6.174444444444444,139,106752,108288
359.27624999999995,167.00241109731024,167.00241109731024,0.11152001784320285,6.691201070592172,48.023972111034844,95.03058787174784,28.57142857142857,76,review_rr_rejections,,0.6666666666666666,True,0.23697916666666666,0.0,0.0,0.0,0,1536,30.0,1.032363717134307,0.3053226421180907,8.830529368840662e-05,2.1745859981183084,20210408100028Apr8_10_00_fasting.csv,S1,fasting,Well Hydrated,6.174444444444444,140,107520,109056
362.12648809523824,165.68796255583538,165.68796255583538,0.26336581511719775,15.801948907031866,41.50919749359723,116.25846962401627,20.0,81,review_rr_rejections,,0.7375,True,0.11328125,0.0,0.0,0.0,0,1536,30.0,0.6781475631552872,0.29004837369213465,6.32394351338134e-05,2.195739488076987,20210408100028Apr8_10_00_fasting.csv,S1,fasting,Well Hydrated,6.174444444444444,141,108288,109824
422.5953124999999,141.97980485171618,141.97980485171618,0.23693875133278045,14.216325079966827,59.60463406769311,130.03833174171325,75.0,65,review_rr_rejections,,0.6875,True,0.5227864583333334,0.0,0.0,0.0,0,1536,30.0,1.9990438720490094,0.29143058003591094,0.0003525755989458161,1.247395919007364,20210408100028Apr8_10_00_fasting.csv,S1,fasting,Well Hydrated,6.174444444444444,142,109056,110592
364.5052083333332,164.60670143602206,164.60670143602206,0.11445576284765938,6.867345770859562,53.552626350744895,131.388200946178,50.0,64,review_rr_rejections,"
The maximal number of iterations maxit (set to 20 by the program)
allowed for finding a smoothing spline with fp=s has been reached: s
too small.
There is an approximation returned but the corresponding weighted sum
of squared residuals does not satisfy the condition abs(fp-s)/s < tol.",0.6190476190476191,True,0.4798177083333333,0.0,0.0,0.0,0,1536,30.0,2.126750401675169,0.35725186218469734,0.003805329180752283,1.9498091791834156,20210408100028Apr8_10_00_fasting.csv,S1,fasting,Well Hydrated,6.174444444444444,143,109824,111360
375.4780092592594,159.79630902584046,159.79630902584046,0.09875567845151097,5.925340707090658,57.21792223595657,141.84905584870455,40.0,71,review_rr_rejections,"
The maximal number of iterations maxit (set to 20 by the program)
allowed for finding a smoothing spline with fp=s has been reached: s
too small.
There is an approximation returned but the corresponding weighted sum
of squared residuals does not satisfy the condition abs(fp-s)/s < tol.",0.6142857142857143,True,0.2897135416666667,0.0,0.0,0.0,0,1536,30.0,1.5931027482948323,0.4263313242518116,0.0010519344448102002,2.1568265062359453,20210408100028Apr8_10_00_fasting.csv,S1,fasting,Well Hydrated,6.174444444444444,144,110592,112128
393.0558035714285,152.65008035709218,152.65008035709218,0.18196706396142298,10.918023837685379,52.29179108870069,92.6310234860734,46.15384615384615,70,review_rr_rejections,,0.5942028985507246,True,0.3502604166666667,0.0,0.0,0.0,0,1536,30.0,1.5556074452049824,0.44882597191231904,0.001089859563921996,2.1535020966655414,20210408100028Apr8_10_00_fasting.csv,S1,fasting,Well Hydrated,6.174444444444444,145,111360,112896
372.42391304347836,161.10673321075208,161.10673321075208,0.4676174888940846,28.057049333645075,42.017787849179,107.09275023245574,36.36363636363637,72,review_rr_rejections,,0.676056338028169,True,0.3932291666666667,0.0,0.0,0.0,0,1536,30.0,1.895000129086421,0.42626735803578003,0.0015031985699530328,2.2712042376439068,20210408100028Apr8_10_00_fasting.csv,S1,fasting,Well Hydrated,6.174444444444444,146,112128,113664
380.49289772727275,157.69019700075037,157.69019700075037,0.23920583662241357,14.352350197344814,32.5557064650334,156.03758684872068,20.0,75,review_rr_rejections,,0.7027027027027027,True,0.3326822916666667,0.0,0.0,0.0,0,1536,30.0,1.6746571262331642,0.3688249341409921,0.000753822638539437,2.242819470244761,20210408100028Apr8_10_00_fasting.csv,S1,fasting,Well Hydrated,6.174444444444444,147,112896,114432
394.89136904761904,151.94052010988557,151.94052010988557,0.36218761318362913,21.73125679101775,25.923829228627937,147.36744687716129,0.0,73,review_rr_rejections,,0.7083333333333334,True,0.19270833333333334,0.0,0.0,0.0,0,1536,30.0,1.03972225327516,0.32745565763624745,0.0003984534119299047,2.239744119476207,20210408100028Apr8_10_00_fasting.csv,S1,fasting,Well Hydrated,6.174444444444444,148,113664,115200
,,,,,,,,0,timing_gap,,,False,0.4049479166666667,0.0,0.0,0.0,1,1536,30.0,1.5722400331927109,0.3004337271469977,0.00012292975764138342,2.155402198351948,20210408100028Apr8_10_00_fasting.csv,S1,fasting,Well Hydrated,6.174444444444444,149,114432,115968
,,,,,,,,0,timing_gap,,,False,0.5169270833333334,0.0,0.0,0.0,1,1536,30.0,1.7530503179697507,0.2847434077289696,5.009467206158483e-05,2.0834188486147265,20210408100028Apr8_10_00_fasting.csv,S1,fasting,Well Hydrated,6.174444444444444,150,115200,116736
373.5056818181815,160.64012656494836,160.64012656494836,0.12190661952944046,7.314397171766427,47.93017133064248,132.17274043042073,33.33333333333333,76,review_rr_rejections,,0.7066666666666667,True,0.24544270833333334,0.0,0.0,0.0,0,1536,30.0,1.0017122606658353,0.27853429242045885,2.9611713833921645e-05,2.157761845822341,20210408100028Apr8_10_00_fasting.csv,S1,fasting,Well Hydrated,6.174444444444444,151,115968,117504
337.04111842105254,178.01982227297353,178.01982227297353,0.15644555694618273,9.386733416770964,48.975503416461216,139.77375510599242,66.66666666666666,78,review_rr_rejections,"
The maximal number of iterations maxit (set to 20 by the program)
allowed for finding a smoothing spline with fp=s has been reached: s
too small.
There is an approximation returned but the corresponding weighted sum
of squared residuals does not satisfy the condition abs(fp-s)/s < tol.",0.7532467532467533,True,0.09114583333333333,0.0,0.0,0.0,0,1536,30.0,0.5907154714364083,0.2794675375476352,3.081499683748192e-05,2.2347926223716796,20210408100028Apr8_10_00_fasting.csv,S1,fasting,Well Hydrated,6.174444444444444,152,116736,118272
321.63906249999974,186.54450592424558,186.54450592424558,0.15571473061351604,9.342883836810962,46.681036199134276,125.30769998405137,33.33333333333333,84,review_rr_rejections,,0.7590361445783133,True,0.09114583333333333,0.0,0.0,0.0,0,1536,30.0,0.5520409330166306,0.27517446590773026,3.894667347150084e-05,2.1964933523549126,20210408100028Apr8_10_00_fasting.csv,S1,fasting,Well Hydrated,6.174444444444444,153,117504,119040
314.12152777777777,191.00887616478937,191.00887616478937,0.11809163911195088,7.085498346717053,38.762891630761544,106.78995470152753,25.0,85,review_rr_rejections,,0.6785714285714286,True,0.10677083333333333,0.0,0.0,0.0,0,1536,30.0,0.6401299614821473,0.2698748049620779,5.4951566936738205e-06,2.2218123623047603,20210408100028Apr8_10_00_fasting.csv,S1,fasting,Well Hydrated,6.174444444444444,154,118272,119808
377.1348684210526,159.09427906043666,159.09427906043666,0.2795248078266946,16.771488469601675,51.09963969621731,126.90229688071479,50.0,66,review_rr_rejections,,0.7076923076923077,True,0.5032552083333334,0.0,0.0,0.0,0,1536,30.0,3.15323621298142,0.271165427932523,3.548697325307472e-05,1.741002741535043,20210408100028Apr8_10_00_fasting.csv,S1,fasting,Well Hydrated,6.174444444444444,155,119040,120576
373.8614130434781,160.48727658615658,160.48727658615658,0.23293733985557885,13.97624039133473,44.928132716316476,116.04446783213537,25.0,67,review_rr_rejections,,0.6515151515151515,True,0.52734375,0.0,0.0,0.0,0,1536,30.0,3.4598595061472825,0.28047718400798166,0.00010155405048790026,1.941812797791107,20210408100028Apr8_10_00_fasting.csv,S1,fasting,Well Hydrated,6.174444444444444,156,119808,121344
507.38124999999945,118.25427131964389,118.25427131964389,0.13154433043935806,7.892659826361484,39.03054943326294,163.8314528651831,0.0,56,review_rr_rejections,,0.7272727272727273,True,0.5423177083333334,0.0,0.0,0.0,0,1536,30.0,3.5616847530251405,0.2857845366804812,2.134545055568435e-05,2.105473689918546,20210408100028Apr8_10_00_fasting.csv,S1,fasting,Well Hydrated,6.174444444444444,157,120576,122112
660.7881944444449,90.80065368063175,90.80065368063175,0.16826518593303044,10.095911155981826,46.59375000000023,152.64802183967646,0.0,49,review_rr_rejections,,0.8125,True,0.779296875,0.0,0.0,0.0,0,1536,30.0,4.0138040515321975,0.2864523203011075,2.4644976105729708e-05,2.0539986574389655,20210408100028Apr8_10_00_fasting.csv,S1,fasting,Well Hydrated,6.174444444444444,158,121344,122880
367.9925595238093,163.04677485229962,163.04677485229962,0.12958403524685758,7.775042114811455,39.07688235229317,115.75699669051963,20.0,68,review_rr_rejections,,0.6865671641791045,True,0.5494791666666666,0.0,0.0,0.0,0,1536,30.0,1.9000379309577748,0.2890928085219153,1.988317882080563e-05,2.0928948055922016,20210408100028Apr8_10_00_fasting.csv,S1,fasting,Well Hydrated,6.174444444444444,159,122112,123648
341.7118055555556,175.5865586863524,175.5865586863524,0.1628399283504315,9.77039570102589,53.081236569821506,113.47871656879502,50.0,74,review_rr_rejections,,0.7534246575342466,True,0.181640625,0.0,0.0,0.0,0,1536,30.0,0.7106145578888009,0.28776058389482484,3.348234069244832e-05,2.1540369902718854,20210408100028Apr8_10_00_fasting.csv,S1,fasting,Well Hydrated,6.174444444444444,160,122880,124416
288.6229838709677,207.88365221400284,207.88365221400284,0.11199462425803561,6.719677455482136,34.14280344063345,93.88279906699091,7.142857142857142,85,review_rr_rejections,,0.6309523809523809,True,0.0,0.0,0.0,0.0,0,1536,30.0,0.20485913497101518,0.28080249614626546,6.194863117659154e-05,2.08817530207756,20210408100028Apr8_10_00_fasting.csv,S1,fasting,Well Hydrated,6.174444444444444,161,123648,125184
276.9062500000002,216.67983297596192,216.67983297596192,0.12479720454261825,7.487832272557095,29.83984894878737,83.49933537831713,0.0,87,review_rr_rejections,,0.6627906976744186,True,0.061197916666666664,0.0,0.0,0.0,0,1536,30.0,0.6104813485518867,0.2768450966807243,1.819602524158016e-05,2.0728079444082006,20210408100028Apr8_10_00_fasting.csv,S1,fasting,Well Hydrated,6.174444444444444,162,124416,125952
406.89508928571433,147.4581571021839,147.4581571021839,0.17574692442882248,10.544815465729348,61.49109516959623,129.5192505897019,50.0,67,review_rr_rejections,,0.7878787878787878,True,0.498046875,0.0,0.0,0.0,0,1536,30.0,2.4746804595916587,0.2840019690129221,4.13542591974587e-05,2.113606169163827,20210408100028Apr8_10_00_fasting.csv,S1,fasting,Well Hydrated,6.174444444444444,163,125184,126720
518.4423076923076,115.73129567120444,115.73129567120444,0.1485001485001485,8.91000891000891,76.12500000000023,150.3809669581906,100.0,61,review_rr_rejections,,0.7833333333333333,True,0.7688802083333334,0.0,0.0,0.0,0,1536,30.0,3.4208861371140884,0.2884694971674438,1.3555388103835846e-05,1.7624491198505678,20210408100028Apr8_10_00_fasting.csv,S1,fasting,Well Hydrated,6.174444444444444,164,125952,127488
389.6640624999998,153.97878781803246,153.97878781803246,0.21417862497322765,12.850717498393658,49.59375000000102,145.15263783012375,0.0,71,review_rr_rejections,,0.8285714285714286,True,0.4947916666666667,0.0,0.0,0.0,0,1536,30.0,2.2054454129961516,0.2855783310621962,1.2738305302630711e-05,2.116240748978632,20210408100028Apr8_10_00_fasting.csv,S1,fasting,Well Hydrated,6.174444444444444,165,126720,128256
,,,,,,,,0,heartpy_failed,ValueError: invalid number of data points (0) specified,,False,0.5625,0.0,0.0,0.0,0,1536,30.0,2.144985292965667,0.28395083594008025,3.841141497175324e-05,1.5032495487002928,20210408100028Apr8_10_00_fasting.csv,S1,fasting,Well Hydrated,6.174444444444444,166,127488,129024
447.8769531249999,133.96536611530968,133.96536611530968,0.1396843134515994,8.381058807095965,65.52005621889474,130.11303560658143,50.0,62,review_rr_rejections,,0.7377049180327869,True,0.7526041666666666,0.0,0.0,0.0,0,1536,30.0,2.4954894782502035,0.30420056744195195,0.00046608493129261406,1.8975221956903388,20210408100028Apr8_10_00_fasting.csv,S1,fasting,Well Hydrated,6.174444444444444,167,128256,129792
480.22727272727275,124.94084240416468,124.94084240416468,0.09475080538184574,5.6850483229107445,60.823178911348755,134.71616646192956,44.44444444444444,60,review_rr_rejections,,0.6271186440677966,True,0.8528645833333334,0.0,0.0,0.0,0,1536,30.0,3.031440566155896,0.3415662557212553,0.00052226285626198,1.9659050908841906,20210408100028Apr8_10_00_fasting.csv,S1,fasting,Well Hydrated,6.174444444444444,168,129024,130560
454.6805555555557,131.96077832422026,131.96077832422026,0.24458847988259755,14.675308792955853,51.276753211586694,126.00484119214637,50.0,58,review_rr_rejections,,0.6842105263157895,True,0.8541666666666666,0.0,0.0,0.0,0,1536,30.0,3.0517561602256174,0.3838526315627602,0.001127546420378403,1.8714212682772697,20210408100028Apr8_10_00_fasting.csv,S1,fasting,Well Hydrated,6.174444444444444,169,129792,131328
423.75446428571485,141.59142866172905,141.59142866172905,0.16877637130801687,10.126582278481012,63.95659437104015,163.9217529170563,66.66666666666666,65,review_rr_rejections,,0.78125,True,0.5358072916666666,0.0,0.0,0.0,0,1536,30.0,1.8139101290512833,0.4696407700655334,0.00447571642583563,2.042298993417637,20210408100028Apr8_10_00_fasting.csv,S1,fasting,Well Hydrated,6.174444444444444,170,130560,132096
278.43256578947376,215.4920342377146,215.4920342377146,0.189465706707086,11.367942402425161,43.04425184838959,133.69824120838692,33.33333333333333,85,review_rr_rejections,,0.7738095238095238,True,0.181640625,0.0,0.0,0.0,0,1536,30.0,0.8556821300452423,0.54803278878653,0.0006000268835859856,1.9400492678643304,20210408100028Apr8_10_00_fasting.csv,S1,fasting,Well Hydrated,6.174444444444444,171,131328,132864
317.28776041666646,189.10278770667742,189.10278770667742,0.26312327325351925,15.787396395211156,50.65908106568461,126.08331450104797,42.857142857142854,82,review_rr_rejections,,0.7037037037037037,True,0.0,0.0,0.0,0.0,0,1536,30.0,0.3046807744338831,0.5670189667097663,0.00016916178009089404,2.1312238075457346,20210408100028Apr8_10_00_fasting.csv,S1,fasting,Well Hydrated,6.174444444444444,172,132096,133632
386.18892045454544,155.36437433103941,155.36437433103941,0.3536067892503536,21.216407355021218,82.98691930685116,123.1075489757419,100.0,75,review_rr_rejections,,0.7027027027027027,True,0.2682291666666667,0.0,0.0,0.0,0,1536,30.0,1.250130785299636,0.5380948666878826,0.0011756489411124552,2.2017359921159105,20210408100028Apr8_10_00_fasting.csv,S1,fasting,Well Hydrated,6.174444444444444,173,132864,134400
428.840625,139.912117701069,139.912117701069,0.2334539512081242,14.007237072487452,71.8395887632422,139.2167806047575,100.0,69,review_rr_rejections,,0.7058823529411765,True,0.619140625,0.0,0.0,0.0,0,1536,30.0,2.3931168149178124,0.49069606579934516,0.0004358955298798773,2.184185945845355,20210408100028Apr8_10_00_fasting.csv,S1,fasting,Well Hydrated,6.174444444444444,174,133632,135168
469.78492647058795,127.71801864902204,127.71801864902204,0.25068939583855604,15.041363750313362,50.84946380002361,132.9105455066976,71.42857142857143,66,review_rr_rejections,,0.7384615384615385,True,0.5703125,0.0,0.0,0.0,0,1536,30.0,2.232948930703232,0.4533757932665729,0.0007802489280079767,2.2251980308030546,20210408100028Apr8_10_00_fasting.csv,S1,fasting,Well Hydrated,6.174444444444444,175,134400,135936
458.5117187499998,130.8581603182853,130.8581603182853,0.18191740949608878,10.915044569765326,46.52810848574747,120.96375946758948,54.54545454545454,68,review_rr_rejections,,0.6417910447761194,True,0.4446614583333333,0.0,0.0,0.0,0,1536,30.0,2.1814606884902887,0.41041491442806105,0.0007533813423703863,1.994344660785447,20210408100028Apr8_10_00_fasting.csv,S1,fasting,Well Hydrated,6.174444444444444,176,135168,136704
402.76630434782646,148.96976075780256,148.96976075780256,0.10807305738679347,6.484383443207609,45.64194355764039,108.26663798515428,50.0,70,review_rr_rejections,,0.6666666666666666,True,0.5345052083333334,0.0,0.0,0.0,0,1536,30.0,2.5764249602899127,0.3806286435162764,9.254979637653107e-05,2.241479639314657,20210408100028Apr8_10_00_fasting.csv,S1,fasting,Well Hydrated,6.174444444444444,177,135936,137472
383.4114583333335,156.48984581946607,156.48984581946607,0.43522414043232266,26.11344842593936,35.30062369425115,102.3315128657376,25.0,70,review_rr_rejections,,0.7391304347826086,True,0.515625,0.0,0.0,0.0,0,1536,30.0,2.2018926961295535,0.3641079320220122,0.00010022826247004082,2.122002114347687,20210408100028Apr8_10_00_fasting.csv,S1,fasting,Well Hydrated,6.174444444444444,178,136704,138240
345.5535714285713,173.63443749677026,173.63443749677026,0.20699648105982196,12.419788863589318,37.40380021913851,122.36241785862704,0.0,67,review_rr_rejections,,0.7878787878787878,True,0.2923177083333333,0.0,0.0,0.0,0,1536,30.0,1.3823479463897346,0.3692745299042945,0.000257398936650831,2.037569548141692,20210408100028Apr8_10_00_fasting.csv,S1,fasting,Well Hydrated,6.174444444444444,179,137472,139008
345.02604166666686,173.89991697486593,173.89991697486593,0.16129032258064516,9.67741935483871,22.316285568224806,153.24722384326736,0.0,70,review_rr_rejections,,0.7391304347826086,True,0.28125,0.0,0.0,0.0,0,1536,30.0,1.3626504671175048,0.41610637867813427,0.0017717278870503627,1.9346620523148927,20210408100028Apr8_10_00_fasting.csv,S1,fasting,Well Hydrated,6.174444444444444,180,138240,139776
345.80823863636374,173.50656605695644,173.50656605695644,0.2632964718272775,15.79778830963665,24.02797622549817,145.92420104854457,0.0,75,review_rr_rejections,,0.7027027027027027,True,0.30859375,0.0,0.0,0.0,0,1536,30.0,1.3681646228345803,0.4809905066963378,0.0018185057549183331,1.9083850677325105,20210408100028Apr8_10_00_fasting.csv,S1,fasting,Well Hydrated,6.174444444444444,181,139008,140544
324.2440476190476,185.04580250766438,185.04580250766438,0.29416090601559053,17.649654360935433,31.927045948862844,137.39220836416547,16.666666666666664,78,review_rr_rejections,,0.7272727272727273,True,0.17643229166666666,0.0,0.0,0.0,0,1536,30.0,0.8719630220967508,0.5587588303879992,0.002929484483841813,2.1992535638939805,20210408100028Apr8_10_00_fasting.csv,S1,fasting,Well Hydrated,6.174444444444444,182,139776,141312
325.91051136363603,184.0996160232916,184.0996160232916,0.27940765576976806,16.764459346186083,41.29169294482846,123.30251152333831,50.0,83,review_rr_rejections,,0.7317073170731707,True,0.06315104166666667,0.0,0.0,0.0,0,1536,30.0,0.5559764334335752,0.6447698073879208,0.002714744974384394,2.1321161911805797,20210408100028Apr8_10_00_fasting.csv,S1,fasting,Well Hydrated,6.174444444444444,183,140544,142080
332.2105978260869,180.60832614199188,180.60832614199188,0.2621575566915716,15.729453401494295,34.0895391533449,110.07911411148446,0.0,80,review_rr_rejections,,0.7088607594936709,True,0.0,0.0,0.0,0.0,0,1536,30.0,0.41083979431795536,0.7779291429987553,0.010827137077369117,2.118325468641535,20210408100028Apr8_10_00_fasting.csv,S1,fasting,Well Hydrated,6.174444444444444,184,141312,142848
359.9114583333331,166.7076682633172,166.7076682633172,0.1159285879897983,6.955715279387898,36.626110975755545,107.58382968211895,16.666666666666664,79,review_rr_rejections,"
The maximal number of iterations maxit (set to 20 by the program)
allowed for finding a smoothing spline with fp=s has been reached: s
too small.
There is an approximation returned but the corresponding weighted sum
of squared residuals does not satisfy the condition abs(fp-s)/s < tol.",0.6923076923076923,True,0.0,0.0,0.0,0.0,0,1536,30.0,0.3644126421489627,1.5591292288503595,0.7083404425477967,1.7134989831137908,20210408100028Apr8_10_00_fasting.csv,S1,fasting,Well Hydrated,6.174444444444444,185,142080,143616
379.38254310344826,158.15171544052694,158.15171544052694,0.2730251183108846,16.381507098653078,45.620341449590654,98.73168842632633,36.36363636363637,80,review_rr_rejections,"
The maximal number of iterations maxit (set to 20 by the program)
allowed for finding a smoothing spline with fp=s has been reached: s
too small.
There is an approximation returned but the corresponding weighted sum
of squared residuals does not satisfy the condition abs(fp-s)/s < tol.",0.6329113924050633,True,0.030598958333333332,0.0,0.0,0.0,0,1536,30.0,0.4940133976544867,2.218653370759568,0.2687751213276475,2.1528439440181,20210408100028Apr8_10_00_fasting.csv,S1,fasting,Well Hydrated,6.174444444444444,186,142848,144384
382.55926724137913,156.83844344605166,156.83844344605166,0.36091311016872685,21.65478661012361,42.98347664304284,105.72198966721042,33.33333333333333,77,review_rr_rejections,"
The maximal number of iterations maxit (set to 20 by the program)
allowed for finding a smoothing spline with fp=s has been reached: s
too small.
There is an approximation returned but the corresponding weighted sum
of squared residuals does not satisfy the condition abs(fp-s)/s < tol.",0.618421052631579,True,0.150390625,0.0,0.0,0.0,0,1536,30.0,0.8611566685378564,1.8232423274867917,0.1845890514865902,2.2711591022612683,20210408100028Apr8_10_00_fasting.csv,S1,fasting,Well Hydrated,6.174444444444444,187,143616,145152
373.60625,160.59688508958297,160.59688508958297,0.2679528403001072,16.077170418006432,28.989218766421924,133.4398943725458,20.0,74,review_rr_rejections,"
The maximal number of iterations maxit (set to 20 by the program)
allowed for finding a smoothing spline with fp=s has been reached: s
too small.
There is an approximation returned but the corresponding weighted sum
of squared residuals does not satisfy the condition abs(fp-s)/s < tol.",0.726027397260274,True,0.22721354166666666,0.0,0.0,0.0,0,1536,30.0,1.4613208698828508,1.2615337987165607,0.05423934852063158,2.098251517083209,20210408100028Apr8_10_00_fasting.csv,S1,fasting,Well Hydrated,6.174444444444444,188,144384,145920
320.9062500000001,186.97049371895991,186.97049371895991,0.37453183520599254,22.471910112359552,33.4143778532738,96.71175560331321,0.0,81,review_rr_rejections,,0.6875,True,0.107421875,0.0,0.0,0.0,0,1536,30.0,1.169565933973211,1.4160232140019984,0.17258334453412197,1.6550872016314466,20210408100028Apr8_10_00_fasting.csv,S1,fasting,Well Hydrated,6.174444444444444,189,145152,146688
330.769396551724,181.39525792138244,181.39525792138244,0.20883366398663464,12.530019839198077,32.64916357189689,105.87272439012197,0.0,90,review_rr_rejections,"
The maximal number of iterations maxit (set to 20 by the program)
allowed for finding a smoothing spline with fp=s has been reached: s
too small.
There is an approximation returned but the corresponding weighted sum
of squared residuals does not satisfy the condition abs(fp-s)/s < tol.",0.6741573033707865,True,0.0,0.0,0.0,0.0,0,1536,30.0,0.5153227057969658,1.797451914140743,0.07454993564138288,2.05098470410171,20210408100028Apr8_10_00_fasting.csv,S1,fasting,Well Hydrated,6.174444444444444,190,145920,147456
321.44000000000005,186.66002986560474,186.66002986560474,0.1246261216350947,7.477567298105682,29.56434708376898,96.19380458545656,16.666666666666664,86,review_rr_rejections,,0.7058823529411765,True,0.030598958333333332,0.0,0.0,0.0,0,1536,30.0,0.533654355763279,1.5665670543738095,0.0981783993196449,2.177404017947361,20210408100028Apr8_10_00_fasting.csv,S1,fasting,Well Hydrated,6.174444444444444,191,146688,148224
,,,,,,,,0,heartpy_failed,ValueError: invalid number of data points (0) specified,,False,0.19140625,0.0,0.0,0.0,0,1536,30.0,1.395669698185836,1.2306165372749927,0.014044599807218632,2.1259643669987955,20210408100028Apr8_10_00_fasting.csv,S1,fasting,Well Hydrated,6.174444444444444,192,147456,148992
413.06875,145.25427062686296,145.25427062686296,0.24239486122894197,14.543691673736518,50.07008564564827,128.0455685946168,40.0,72,review_rr_rejections,,0.7183098591549296,True,0.16080729166666666,0.0,0.0,0.0,0,1536,30.0,1.3208465914321663,1.0946310963481758,0.008089726433204743,1.9998588137816826,20210408100028Apr8_10_00_fasting.csv,S1,fasting,Well Hydrated,6.174444444444444,193,148224,149760
332.029605263158,180.706777494873,180.706777494873,0.3174099349309633,19.0445960958578,31.473725194265775,118.20088174406487,0.0,82,review_rr_rejections,"
The maximal number of iterations maxit (set to 20 by the program)
allowed for finding a smoothing spline with fp=s has been reached: s
too small.
There is an approximation returned but the corresponding weighted sum
of squared residuals does not satisfy the condition abs(fp-s)/s < tol.",0.7654320987654321,True,0.0,0.0,0.0,0.0,0,1536,30.0,0.35449911717794974,0.9840646998124513,0.0031153415859814394,2.26506477358962,20210408100028Apr8_10_00_fasting.csv,S1,fasting,Well Hydrated,6.174444444444444,194,148992,150528
356.0426136363633,168.519153893415,168.519153893415,0.2556237218813906,15.337423312883436,40.217280956075165,112.5850647250107,20.0,78,review_rr_rejections,,0.7142857142857143,True,0.19661458333333334,0.0,0.0,0.0,0,1536,30.0,1.5842262455486213,0.931493263769026,0.0014924404821976094,2.1717088093641204,20210408100028Apr8_10_00_fasting.csv,S1,fasting,Well Hydrated,6.174444444444444,195,149760,151296
366.8645833333331,163.54808484056912,163.54808484056912,0.10109179134654267,6.06550748079256,35.736940359382125,118.40114938600014,12.5,78,review_rr_rejections,,0.6493506493506493,True,0.2591145833333333,0.0,0.0,0.0,0,1536,30.0,1.9362974743962713,1.1267666141892407,0.04504816394519102,1.923301158758756,20210408100028Apr8_10_00_fasting.csv,S1,fasting,Well Hydrated,6.174444444444444,196,150528,152064
395.7457386363636,151.61249798101255,151.61249798101255,0.22999080036798528,13.799448022079117,44.73449233742906,129.6292521491026,33.33333333333333,78,review_rr_rejections,,0.7142857142857143,True,0.08333333333333333,0.0,0.0,0.0,0,1536,30.0,0.884073996519641,1.2233632114285975,0.018001889827972947,2.269276040448855,20210408100028Apr8_10_00_fasting.csv,S1,fasting,Well Hydrated,6.174444444444444,197,151296,152832
380.8731617647059,157.5327589951495,157.5327589951495,0.15465511908444168,9.2793071450665,59.122660057642925,123.70337685241513,66.66666666666666,74,review_rr_rejections,,0.7671232876712328,True,0.14518229166666666,0.0,0.0,0.0,0,1536,30.0,1.05915571911618,1.0357584158808897,0.01064609643036458,2.1211341797473757,20210408100028Apr8_10_00_fasting.csv,S1,fasting,Well Hydrated,6.174444444444444,198,152064,153600
322.7045454545452,185.92858652017762,185.92858652017762,0.14112334180073383,8.46740050804403,34.65964886962406,88.94520621963004,25.0,79,review_rr_rejections,,0.717948717948718,True,0.21028645833333334,0.0,0.0,0.0,0,1536,30.0,1.1068724266174683,0.908261299565894,0.0024421189117228687,2.1885011868321405,20210408100028Apr8_10_00_fasting.csv,S1,fasting,Well Hydrated,6.174444444444444,199,152832,154368
370.2619047619049,162.04745675519254,162.04745675519254,0.1288161793121216,7.728970758727296,24.65809661177555,118.93114609220925,0.0,74,review_rr_rejections,,0.7123287671232876,True,0.3313802083333333,0.0,0.0,0.0,0,1536,30.0,2.005992274548856,1.3484084465414092,0.4589008716694956,1.5545788293044358,20210408100028Apr8_10_00_fasting.csv,S1,fasting,Well Hydrated,6.174444444444444,200,153600,155136
418.57440476190476,143.34369067341672,143.34369067341672,0.2277644915157727,13.665869490946362,41.17501272831899,144.93817457471502,33.33333333333333,74,review_rr_rejections,,0.7123287671232876,True,0.27734375,0.0,0.0,0.0,0,1536,30.0,1.9645498278233238,1.9842068468692329,0.2709415740515621,2.0504215357782387,20210408100028Apr8_10_00_fasting.csv,S1,fasting,Well Hydrated,6.174444444444444,201,154368,155904
333.8468750000001,179.72311407737448,179.72311407737448,0.3000300030003,18.001800180018,44.53910292600226,135.84857576400776,50.0,83,review_rr_rejections,"
The maximal number of iterations maxit (set to 20 by the program)
allowed for finding a smoothing spline with fp=s has been reached: s
too small.
There is an approximation returned but the corresponding weighted sum
of squared residuals does not satisfy the condition abs(fp-s)/s < tol.",0.7560975609756098,True,0.031901041666666664,0.0,0.0,0.0,0,1536,30.0,0.5776193766131766,1.874435092658998,0.10429102329371966,2.0000160360563384,20210408100028Apr8_10_00_fasting.csv,S1,fasting,Well Hydrated,6.174444444444444,202,155136,156672
356.49999999999966,168.30294530154293,168.30294530154293,0.2443195699975568,14.659174199853409,53.60201805236224,127.04293708605381,42.857142857142854,80,review_rr_rejections,"
The maximal number of iterations maxit (set to 20 by the program)
allowed for finding a smoothing spline with fp=s has been reached: s
too small.
There is an approximation returned but the corresponding weighted sum
of squared residuals does not satisfy the condition abs(fp-s)/s < tol.",0.7088607594936709,True,0.0,0.0,0.0,0.0,0,1536,30.0,0.4393166697143307,1.4396513981881478,0.04705055051769296,2.201466193492891,20210408100028Apr8_10_00_fasting.csv,S1,fasting,Well Hydrated,6.174444444444444,203,155904,157440
387.28869047619054,154.92319160217934,154.92319160217934,0.36936715094804234,22.16202905688254,55.942051141671875,158.12972827980389,20.0,77,review_rr_rejections,,0.7236842105263158,True,0.162109375,0.0,0.0,0.0,0,1536,30.0,1.4194649347235446,1.1338803945844358,0.023380438409698407,2.215188477248184,20210408100028Apr8_10_00_fasting.csv,S1,fasting,Well Hydrated,6.174444444444444,204,156672,158208
342.64375000000007,175.1089871039527,175.1089871039527,0.29231218941829873,17.538731365097924,32.218517619594856,149.34212026993177,0.0,73,review_rr_rejections,,0.7222222222222222,True,0.287109375,0.0,0.0,0.0,0,1536,30.0,1.9766952108749027,0.9475504944746577,0.004378044483398896,2.1438467081137818,20210408100028Apr8_10_00_fasting.csv,S1,fasting,Well Hydrated,6.174444444444444,205,157440,158976
284.9765624999999,210.54363023274948,210.54363023274948,0.35161744022503516,21.09704641350211,26.09653568588547,77.24972939058038,0.0,76,review_rr_rejections,,0.7333333333333333,True,0.14322916666666666,0.0,0.0,0.0,0,1536,30.0,1.0572458358902856,0.8334558264201496,0.004500785783133971,2.173722745242478,20210408100028Apr8_10_00_fasting.csv,S1,fasting,Well Hydrated,6.174444444444444,206,158208,159744
315.84374999999943,189.96734936182878,189.96734936182878,0.33366700033366703,20.02002002002002,43.59031684510118,78.97613079404059,50.0,81,review_rr_rejections,,0.7625,True,0.053385416666666664,0.0,0.0,0.0,0,1536,30.0,0.6257327377110905,0.7279508413031044,0.002723439452117197,2.2419955454968474,20210408100028Apr8_10_00_fasting.csv,S1,fasting,Well Hydrated,6.174444444444444,207,158976,160512
409.1036184210523,146.66211027800682,146.66211027800682,0.25753283543651817,15.45197012619109,60.80548333321136,96.30486466703204,100.0,72,review_rr_rejections,,0.7323943661971831,True,0.326171875,0.0,0.0,0.0,0,1536,30.0,1.2939983040755705,0.6597837631247567,0.0007946830894528736,2.139701659274597,20210408100028Apr8_10_00_fasting.csv,S1,fasting,Well Hydrated,6.174444444444444,208,159744,161280
400.8585526315791,149.67873232617487,149.67873232617487,0.2629503023928478,15.777018143570867,49.3595077224658,134.42990056897318,50.0,73,review_rr_rejections,,0.7361111111111112,True,0.3763020833333333,0.0,0.0,0.0,0,1536,30.0,1.3370005274511219,0.6396545594499536,0.00171822961867113,1.7147756987096467,20210408100028Apr8_10_00_fasting.csv,S1,fasting,Well Hydrated,6.174444444444444,209,160512,162048
369.7765624999999,162.26014865395916,162.26014865395916,0.27085590465872156,16.251354279523294,56.80458381316834,151.80865618686443,33.33333333333333,82,review_rr_rejections,,0.7530864197530864,True,0.09114583333333333,0.0,0.0,0.0,0,1536,30.0,0.7097764890574817,0.6499012741896473,0.0022518404314016177,2.1400853313290247,20210408100028Apr8_10_00_fasting.csv,S1,fasting,Well Hydrated,6.174444444444444,210,161280,162816
368.05098684210515,163.02089152050056,163.02089152050056,0.2864098524989259,17.184591149935557,65.40465836572712,138.64625804363814,60.0,72,review_rr_rejections,,0.7323943661971831,True,0.3177083333333333,0.0,0.0,0.0,0,1536,30.0,1.272181205321284,0.6474005660308297,0.0006899408698587342,1.8872555939323044,20210408100028Apr8_10_00_fasting.csv,S1,fasting,Well Hydrated,6.174444444444444,211,162048,163584
399.6684027777781,150.1244521282833,150.1244521282833,0.27831895352073477,16.699137211244086,47.13155091356168,89.13398577189477,42.857142857142854,64,review_rr_rejections,,0.7142857142857143,True,0.6412760416666666,0.0,0.0,0.0,0,1536,30.0,2.341816825971291,0.630726111978635,0.00014184490240742867,1.8129821904694732,20210408100028Apr8_10_00_fasting.csv,S1,fasting,Well Hydrated,6.174444444444444,212,162816,164352
,,,,,,,,0,timing_gap,,,False,0.6549479166666666,0.0,0.0,0.0,1,1536,30.0,3.2719768190726506,0.6176069848826979,0.0002039358798129316,1.5695310735787515,20210408100028Apr8_10_00_fasting.csv,S1,fasting,Well Hydrated,6.174444444444444,213,163584,165120
,,,,,,,,0,timing_gap,,,False,0.45703125,0.0,0.0,0.0,1,1536,30.0,3.5475499374159587,0.7386452898454786,0.02042953195031945,1.7131856466610154,20210408100028Apr8_10_00_fasting.csv,S1,fasting,Well Hydrated,6.174444444444444,214,164352,165888
434.4958333333335,138.09108257654938,138.09108257654938,0.4608294930875576,27.649769585253456,49.69689130981346,174.4095862006456,25.0,68,review_rr_rejections,,0.7761194029850746,True,0.22135416666666666,0.0,0.0,0.0,0,1536,30.0,2.459816826158773,1.2140152267725686,0.2022874789923618,1.9374308580822999,20210408100028Apr8_10_00_fasting.csv,S1,fasting,Well Hydrated,6.174444444444444,215,165120,166656
444.98333333333335,134.83651073073898,134.83651073073898,0.29994001199760045,17.996400719856027,54.50507520090441,141.9476258986532,50.0,64,review_rr_rejections,"
The maximal number of iterations maxit (set to 20 by the program)
allowed for finding a smoothing spline with fp=s has been reached: s
too small.
There is an approximation returned but the corresponding weighted sum
of squared residuals does not satisfy the condition abs(fp-s)/s < tol.",0.7619047619047619,True,0.171875,0.0,0.0,0.0,0,1536,30.0,1.9831395755222594,2.130741494565337,0.420537677890686,2.1028289636104103,20210408100028Apr8_10_00_fasting.csv,S1,fasting,Well Hydrated,6.174444444444444,216,165888,167424
420.7628676470587,142.59813451582608,142.59813451582608,0.2799552071668533,16.797312430011196,40.52098944914324,123.46968496025573,20.0,63,review_rr_rejections,,0.7258064516129032,True,0.271484375,0.0,0.0,0.0,0,1536,30.0,2.7844824496380753,3.2364000771250865,0.3474824920443084,2.1684116000827514,20210408100028Apr8_10_00_fasting.csv,S1,fasting,Well Hydrated,6.174444444444444,217,166656,168192
378.546875,158.50084616337145,158.50084616337145,0.3607503607503607,21.645021645021643,44.67082415158619,99.16338950799576,44.44444444444444,69,review_rr_rejections,,0.6764705882352942,True,0.376953125,0.0,0.0,0.0,0,1536,30.0,3.7699244929782725,3.5366669152728627,0.11305930442304919,2.22432911769498,20210408100028Apr8_10_00_fasting.csv,S1,fasting,Well Hydrated,6.174444444444444,218,167424,168960
381.13249999999994,157.42556722399692,157.42556722399692,0.10511931041732367,6.3071586250394205,47.24195060876865,109.75578012968155,71.42857142857143,76,review_rr_rejections,,0.6666666666666666,True,0.26171875,0.0,0.0,0.0,0,1536,30.0,2.9073837181584588,3.2721998490377096,0.02603071884467879,2.030101020392713,20210408100028Apr8_10_00_fasting.csv,S1,fasting,Well Hydrated,6.174444444444444,219,168192,169728
363.18750000000034,165.20392359318518,165.20392359318518,0.22060445621001543,13.236267372600926,37.96839277381123,115.92973053481582,22.22222222222222,73,review_rr_rejections,,0.6527777777777778,True,0.11653645833333333,0.0,0.0,0.0,0,1536,30.0,1.4233109117108793,3.5523235682243524,0.14665707316448442,2.0517185644892617,20210408100028Apr8_10_00_fasting.csv,S1,fasting,Well Hydrated,6.174444444444444,220,168960,170496
358.21059782608717,167.49923191588616,167.49923191588616,0.48614487117160915,29.16869227029655,36.75526869424046,118.31279722502802,0.0,71,review_rr_rejections,,0.6714285714285714,True,0.042317708333333336,0.0,0.0,0.0,0,1536,30.0,0.8710712924228922,3.6870516206608266,0.08894126991898209,2.173111903520666,20210408100028Apr8_10_00_fasting.csv,S1,fasting,Well Hydrated,6.174444444444444,221,169728,171264
384.61956521739097,155.99830436625703,155.99830436625703,0.11319900384876613,6.791940230925968,31.99383485532787,122.73886277433482,20.0,82,review_rr_rejections,,0.7160493827160493,True,0.0,0.0,0.0,0.0,0,1536,30.0,0.3793089651521672,3.3646585561487767,0.03954825947159054,2.0855963967639304,20210408100028Apr8_10_00_fasting.csv,S1,fasting,Well Hydrated,6.174444444444444,222,170496,172032
484.81445312500006,123.7586866753953,123.7586866753953,0.1290822253775655,7.74493352265393,42.70499161215087,87.73479412518851,16.666666666666664,64,review_rr_rejections,,0.746031746031746,True,0.17578125,0.0,0.0,0.0,0,1536,30.0,1.7933408983562569,3.430399077802047,0.1840509287707068,1.4264230698019695,20210408100028Apr8_10_00_fasting.csv,S1,fasting,Well Hydrated,6.174444444444444,223,171264,172800
394.8374999999997,151.9612498812804,151.9612498812804,0.16906170752324598,10.14370245139476,49.563944913784496,121.15599136976958,33.33333333333333,67,review_rr_rejections,,0.7727272727272727,True,0.35546875,0.0,0.0,0.0,0,1536,30.0,2.8478142077476263,4.930318655201146,1.8733054655034713,1.9068580806809503,20210408100028Apr8_10_00_fasting.csv,S1,fasting,Well Hydrated,6.174444444444444,224,172032,173568
339.5793269230771,176.6892011467808,176.6892011467808,0.22680880018144706,13.608528010886824,8.000000000000227,85.14154787991771,0.0,66,review_rr_rejections,"
The maximal number of iterations maxit (set to 20 by the program)
allowed for finding a smoothing spline with fp=s has been reached: s
too small.
There is an approximation returned but the corresponding weighted sum
of squared residuals does not satisfy the condition abs(fp-s)/s < tol.",0.8,True,0.5201822916666666,0.0,0.0,0.0,0,1536,30.0,3.4829838085483193,6.4681839723108245,0.17400343834340593,1.897790033853592,20210408100028Apr8_10_00_fasting.csv,S1,fasting,Well Hydrated,6.174444444444444,225,172800,174336
341.1187499999999,175.89182652668612,175.89182652668612,0.19573302016050106,11.743981209630064,48.454402292903225,97.94105848672439,66.66666666666666,70,review_rr_rejections,"
The maximal number of iterations maxit (set to 20 by the program)
allowed for finding a smoothing spline with fp=s has been reached: s
too small.
There is an approximation returned but the corresponding weighted sum
of squared residuals does not satisfy the condition abs(fp-s)/s < tol.",0.782608695652174,True,0.5638020833333334,0.0,0.0,0.0,0,1536,30.0,3.4610399050246197,6.228674124976659,0.2960297073564529,2.1120737834040146,20210408100028Apr8_10_00_fasting.csv,S1,fasting,Well Hydrated,6.174444444444444,226,173568,175104
432.13888888888897,138.84425017676926,138.84425017676926,0.12868356710848025,7.721014026508815,31.945984073707294,137.56511606117775,0.0,69,review_rr_rejections,,0.7352941176470589,True,0.4049479166666667,0.0,0.0,0.0,0,1536,30.0,2.391509864747105,6.03795532414222,0.171467965864595,2.2121459002218393,20210408100028Apr8_10_00_fasting.csv,S1,fasting,Well Hydrated,6.174444444444444,227,174336,175872
425.2312499999997,141.09969575378113,141.09969575378113,0.2354326074161271,14.125956444967626,44.998560451512056,134.15974270435999,16.666666666666664,70,review_rr_rejections,,0.7101449275362319,True,0.294921875,0.0,0.0,0.0,0,1536,30.0,1.9374821823823474,6.497190044849151,0.11853759461579161,2.1548186091662425,20210408100028Apr8_10_00_fasting.csv,S1,fasting,Well Hydrated,6.174444444444444,228,175104,176640
413.2098214285715,145.20468025799758,145.20468025799758,0.2307337332718043,13.844023996308257,45.73288980396277,143.07160873262114,28.57142857142857,70,review_rr_rejections,,0.6956521739130435,True,0.2565104166666667,0.0,0.0,0.0,0,1536,30.0,1.7599825613966529,6.617470811147015,0.22265022500308096,2.13209131151766,20210408100028Apr8_10_00_fasting.csv,S1,fasting,Well Hydrated,6.174444444444444,229,175872,177408
440.882352941177,136.09072715143412,136.09072715143412,0.2670583522499666,16.023501134997996,37.763454762838634,149.38675983175347,20.0,65,review_rr_rejections,"
The maximal number of iterations maxit (set to 20 by the program)
allowed for finding a smoothing spline with fp=s has been reached: s
too small.
There is an approximation returned but the corresponding weighted sum
of squared residuals does not satisfy the condition abs(fp-s)/s < tol.",0.734375,True,0.4947916666666667,0.0,0.0,0.0,0,1536,30.0,2.864758777966537,7.293787995448426,0.6899789673389524,1.9323193543048542,20210408100028Apr8_10_00_fasting.csv,S1,fasting,Well Hydrated,6.174444444444444,230,176640,178176
386.3015625000003,155.3190714831757,155.3190714831757,0.38875210574057273,23.325126344434363,36.44272199777517,153.6594440113809,14.285714285714285,68,review_rr_rejections,,0.7014925373134329,True,0.4205729166666667,0.0,0.0,0.0,0,1536,30.0,2.5724349998277343,8.071300606459594,0.027698705908910385,2.1580068790349185,20210408100028Apr8_10_00_fasting.csv,S1,fasting,Well Hydrated,6.174444444444444,231,177408,178944
381.81009615384613,157.1461849867471,157.1461849867471,0.10085728693898133,6.051437216338879,47.002662096316655,109.7762115662227,41.66666666666667,74,review_rr_rejections,,0.6438356164383562,True,0.296875,0.0,0.0,0.0,0,1536,30.0,1.916539230423566,8.28719316172903,0.14685063994417372,2.0855504026600427,20210408100028Apr8_10_00_fasting.csv,S1,fasting,Well Hydrated,6.174444444444444,232,178176,179712
392.28437499999984,152.9502672646598,152.9502672646598,0.1276161306789178,7.656967840735068,40.66073748614007,139.59693089475286,33.33333333333333,65,review_rr_rejections,,0.6875,True,0.572265625,0.0,0.0,0.0,0,1536,30.0,2.931778575053359,8.582235776370396,0.13787287249420338,1.9996589316768192,20210408100028Apr8_10_00_fasting.csv,S1,fasting,Well Hydrated,6.174444444444444,233,178944,180480
520.8805147058822,115.18956518056603,115.18956518056603,0.11304544426859597,6.782726656115758,35.76293881896106,172.9747862592835,25.0,56,review_rr_rejections,,0.6909090909090909,True,0.705078125,0.0,0.0,0.0,0,1536,30.0,3.4094486614093165,8.99156894061072,0.1573987160024912,2.0751053906031123,20210408100028Apr8_10_00_fasting.csv,S1,fasting,Well Hydrated,6.174444444444444,234,179712,181248
402.3634868421053,149.11889861304707,149.11889861304707,0.26202017555351764,15.721210533211059,28.716409980158303,176.12906779069397,12.5,63,review_rr_rejections,"
The maximal number of iterations maxit (set to 20 by the program)
allowed for finding a smoothing spline with fp=s has been reached: s
too small.
There is an approximation returned but the corresponding weighted sum
of squared residuals does not satisfy the condition abs(fp-s)/s < tol.",0.6935483870967742,True,0.7063802083333334,0.0,0.0,0.0,0,1536,30.0,3.902624859949057,9.536363913341964,0.3546422045968338,2.0650738525342547,20210408100028Apr8_10_00_fasting.csv,S1,fasting,Well Hydrated,6.174444444444444,235,180480,182016
,,,,,,,,0,timing_gap,,,False,0.7786458333333334,0.0,0.0,0.0,1,1536,30.0,4.196362486652493,10.226147208214497,0.41287250270238546,2.12243115163799,20210408100028Apr8_10_00_fasting.csv,S1,fasting,Well Hydrated,6.174444444444444,236,181248,182784
,,,,,,,,0,timing_gap,,,False,0.7311197916666666,0.0,0.0,0.0,1,1536,30.0,3.425697878436876,10.339333849638317,0.13970407855001718,2.1426902799375798,20210408100028Apr8_10_00_fasting.csv,S1,fasting,Well Hydrated,6.174444444444444,237,182016,183552
503.65312499999965,119.1296092921096,119.1296092921096,0.29809220985691576,17.885532591414947,76.0493303786522,142.59370681979402,66.66666666666666,61,review_rr_rejections,"
The maximal number of iterations maxit (set to 20 by the program)
allowed for finding a smoothing spline with fp=s has been reached: s
too small.
There is an approximation returned but the corresponding weighted sum
of squared residuals does not satisfy the condition abs(fp-s)/s < tol.",0.6666666666666666,True,0.5904947916666666,0.0,0.0,0.0,0,1536,30.0,2.7923936892211323,10.13650752729963,0.10443954596566296,1.8329381119943904,20210408100028Apr8_10_00_fasting.csv,S1,fasting,Well Hydrated,6.174444444444444,238,182784,184320
478.42708333333354,125.41096039539283,125.41096039539283,0.11623852144600721,6.974311286760432,71.79627482066913,130.08424086807017,66.66666666666666,65,review_rr_rejections,,0.71875,True,0.4798177083333333,0.0,0.0,0.0,0,1536,30.0,2.434858128596978,10.684046632700477,0.3410095978481653,2.159184027017032,20210408100028Apr8_10_00_fasting.csv,S1,fasting,Well Hydrated,6.174444444444444,239,183552,185088
396.9895833333333,151.13746687308128,151.13746687308128,0.12007684918347744,7.204610951008647,34.738347545305835,111.16632015969222,14.285714285714285,68,review_rr_rejections,"
The maximal number of iterations maxit (set to 20 by the program)
allowed for finding a smoothing spline with fp=s has been reached: s
too small.
There is an approximation returned but the corresponding weighted sum
of squared residuals does not satisfy the condition abs(fp-s)/s < tol.",0.6865671641791045,True,0.388671875,0.0,0.0,0.0,0,1536,30.0,2.1602211620607776,11.13675848823,0.40419017922774,2.0978191702164253,20210408100028Apr8_10_00_fasting.csv,S1,fasting,Well Hydrated,6.174444444444444,240,184320,185856
420.37673611111103,142.7291161615119,142.7291161615119,0.2645852626008731,15.875115756052388,57.39996150135344,149.14799968751825,42.857142857142854,63,review_rr_rejections,,0.7096774193548387,True,0.5657552083333334,0.0,0.0,0.0,0,1536,30.0,3.8133297199456244,11.995390899983908,1.13036695664181,2.1015734252222975,20210408100028Apr8_10_00_fasting.csv,S1,fasting,Well Hydrated,6.174444444444444,241,185088,186624
442.8220108695652,135.4946197958376,135.4946197958376,0.29486927462158447,17.692156477295068,58.85186020554462,147.57856017318602,44.44444444444444,65,review_rr_rejections,,0.640625,True,0.5826822916666666,0.0,0.0,0.0,0,1536,30.0,3.9864637184593334,12.442669416296416,0.2714535204280263,2.220848137607306,20210408100028Apr8_10_00_fasting.csv,S1,fasting,Well Hydrated,6.174444444444444,242,185856,187392
411.4453124999997,145.82739960125332,145.82739960125332,0.30416708912095713,18.250025347257427,43.646448322537175,125.84533927854244,25.0,69,review_rr_rejections,,0.6470588235294118,True,0.390625,0.0,0.0,0.0,0,1536,30.0,2.540499823261055,11.893379303936404,0.15289904513933064,2.095524703270235,20210408100028Apr8_10_00_fasting.csv,S1,fasting,Well Hydrated,6.174444444444444,243,186624,188160
396.46527777777794,151.33733863481103,151.33733863481103,0.14031149151115477,8.418689490669285,29.164714406388924,132.50252670910797,0.0,69,review_rr_rejections,,0.7352941176470589,True,0.3489583333333333,0.0,0.0,0.0,0,1536,30.0,2.569472119895942,13.143361147472499,2.086631930559765,1.8135115076194877,20210408100028Apr8_10_00_fasting.csv,S1,fasting,Well Hydrated,6.174444444444444,244,187392,188928
368.22727272727275,162.94284656215282,162.94284656215282,0.37078235076010385,22.24694104560623,50.36271433105907,94.43991839951138,66.66666666666666,74,review_rr_rejections,,0.6986301369863014,True,0.20833333333333334,0.0,0.0,0.0,0,1536,30.0,1.8731425580481857,14.50482168405591,0.10453416419064061,1.6180150072960788,20210408100028Apr8_10_00_fasting.csv,S1,fasting,Well Hydrated,6.174444444444444,245,188160,189696
349.0639880952383,171.88825558146564,171.88825558146564,0.27326137450471377,16.395682470282825,47.04299323906312,107.84425191347323,50.0,80,review_rr_rejections,,0.7341772151898734,True,0.05859375,0.0,0.0,0.0,0,1536,30.0,1.0875837788043263,14.583937735918719,0.05255467619857593,2.190239970635659,20210408100028Apr8_10_00_fasting.csv,S1,fasting,Well Hydrated,6.174444444444444,246,188928,190464
361.5488281249999,165.95268835792197,165.95268835792197,0.3462004500605851,20.772027003635106,23.54653802844627,136.26183290107443,0.0,74,review_rr_rejections,,0.7808219178082192,True,0.026692708333333332,0.0,0.0,0.0,0,1536,30.0,0.8240031886635419,14.216058066945884,0.3046003805285987,2.151526409877685,20210408100028Apr8_10_00_fasting.csv,S1,fasting,Well Hydrated,6.174444444444444,247,189696,191232
419.3198529411767,143.0888606374117,143.0888606374117,0.14040999719180006,8.424599831508003,8.944271909998905,136.29264103113914,0.0,73,review_rr_rejections,,0.7638888888888888,True,0.13541666666666666,0.0,0.0,0.0,0,1536,30.0,2.499985044950346,14.530521866818612,1.1300801575081276,1.9592044186879387,20210408100028Apr8_10_00_fasting.csv,S1,fasting,Well Hydrated,6.174444444444444,248,190464,192000
465.240625,128.96552187376156,128.96552187376156,0.32271944922547335,19.363166953528403,50.67921158600544,93.41583156987139,50.0,67,review_rr_rejections,,0.696969696969697,True,0.3990885416666667,0.0,0.0,0.0,0,1536,30.0,4.650050801374911,16.6327241500045,2.227187752966774,1.9565561324624272,20210408100028Apr8_10_00_fasting.csv,S1,fasting,Well Hydrated,6.174444444444444,249,191232,192768
407.4234375,147.26693282096713,147.26693282096713,0.24570024570024568,14.74201474201474,51.1774243855719,96.79988391963828,28.57142857142857,68,review_rr_rejections,"
The maximal number of iterations maxit (set to 20 by the program)
allowed for finding a smoothing spline with fp=s has been reached: s
too small.
There is an approximation returned but the corresponding weighted sum
of squared residuals does not satisfy the condition abs(fp-s)/s < tol.",0.7014925373134329,True,0.4733072916666667,0.0,0.0,0.0,0,1536,30.0,4.772814509607534,18.087848072445784,0.09822518185748852,1.8478709113304774,20210408100028Apr8_10_00_fasting.csv,S1,fasting,Well Hydrated,6.174444444444444,250,192000,193536
364.9812499999997,164.39200643868705,164.39200643868705,0.1371553970648745,8.22932382389247,46.4863812592269,99.08789767092503,25.0,74,review_rr_rejections,,0.726027397260274,True,0.35546875,0.0,0.0,0.0,0,1536,30.0,3.770147148904203,18.24463001490316,0.06622536915021358,2.0758415472534315,20210408100028Apr8_10_00_fasting.csv,S1,fasting,Well Hydrated,6.174444444444444,251,192768,194304
321.4238281249999,186.66942133694687,186.66942133694687,0.19474196689386564,11.684518013631939,8.845976604272709,113.94672525947071,0.0,79,review_rr_rejections,,0.7948717948717948,True,0.19596354166666666,0.0,0.0,0.0,0,1536,30.0,1.907234575685786,17.618000085769506,0.5187336968642898,2.2247495383307294,20210408100028Apr8_10_00_fasting.csv,S1,fasting,Well Hydrated,6.174444444444444,252,193536,195072
306.431712962963,195.80218842183587,195.80218842183587,0.3633280852609907,21.799685115659443,31.308431483299486,109.37404365886029,11.11111111111111,83,review_rr_rejections,,0.6707317073170732,True,0.07942708333333333,0.0,0.0,0.0,0,1536,30.0,0.8800099121662542,17.061161351453507,0.24197231129573615,2.1115192589215885,20210408100028Apr8_10_00_fasting.csv,S1,fasting,Well Hydrated,6.174444444444444,253,194304,195840
369.85597826086934,162.225308029712,162.225308029712,0.11771630370806355,7.062978222483813,37.669370120994394,118.8832639466011,28.57142857142857,76,review_rr_rejections,,0.6933333333333334,True,0.2545572916666667,0.0,0.0,0.0,0,1536,30.0,1.7831601144244384,17.74141814757918,0.5344921052861875,2.084806844724979,20210408100028Apr8_10_00_fasting.csv,S1,fasting,Well Hydrated,6.174444444444444,254,195072,196608
420.93303571428555,142.54048722544522,142.54048722544522,0.3397508493771234,20.385050962627403,37.0679889836459,142.64933606886697,16.666666666666664,76,review_rr_rejections,,0.72,True,0.24674479166666666,0.0,0.0,0.0,0,1536,30.0,1.732012243988829,18.323700528418055,0.02565746784138778,2.1337957836580377,20210408100028Apr8_10_00_fasting.csv,S1,fasting,Well Hydrated,6.174444444444444,255,195840,197376
355.1817129629629,168.92761595036453,168.92761595036453,0.20883366398663464,12.530019839198077,40.221339341110685,102.9690645674104,14.285714285714285,81,review_rr_rejections,,0.6625,True,0.021484375,0.0,0.0,0.0,0,1536,30.0,0.6929417350920191,17.782718118944455,0.3944054116820157,1.9432503610789686,20210408100028Apr8_10_00_fasting.csv,S1,fasting,Well Hydrated,6.174444444444444,256,196608,198144
356.4050480769228,168.34778385925168,168.34778385925168,0.324114088159032,19.44684528954192,47.82649771756862,95.44343012184318,28.57142857142857,79,review_rr_rejections,"
The maximal number of iterations maxit (set to 20 by the program)
allowed for finding a smoothing spline with fp=s has been reached: s
too small.
There is an approximation returned but the corresponding weighted sum
of squared residuals does not satisfy the condition abs(fp-s)/s < tol.",0.6666666666666666,True,0.0,0.0,0.0,0.0,0,1536,30.0,0.6761313719659802,16.502444116782442,0.7153026804135901,2.2014643916579812,20210408100028Apr8_10_00_fasting.csv,S1,fasting,Well Hydrated,6.174444444444444,257,197376,198912
467.30098684210526,128.39690411412118,128.39690411412118,0.2254283137962128,13.525698827772768,55.97299415091746,149.6955192372188,60.0,62,review_rr_rejections,,0.6885245901639344,True,0.265625,0.0,0.0,0.0,0,1536,30.0,3.810506851446132,16.069581391087336,0.5458218408447139,1.873419960566112,20210408100028Apr8_10_00_fasting.csv,S1,fasting,Well Hydrated,6.174444444444444,258,198144,199680
489.30499999999995,122.62290391473621,122.62290391473621,0.16361256544502617,9.81675392670157,52.582716778374035,139.1129333491317,50.0,60,review_rr_rejections,"
The maximal number of iterations maxit (set to 20 by the program)
allowed for finding a smoothing spline with fp=s has been reached: s
too small.
There is an approximation returned but the corresponding weighted sum
of squared residuals does not satisfy the condition abs(fp-s)/s < tol.",0.576271186440678,True,0.265625,0.0,0.0,0.0,0,1536,30.0,3.704375855848207,17.31078646593119,1.2878551803679004,1.9395106742763055,20210408100028Apr8_10_00_fasting.csv,S1,fasting,Well Hydrated,6.174444444444444,259,198912,200448
349.75999999999993,171.5462031107045,171.5462031107045,0.3436426116838488,20.61855670103093,48.30240508139906,92.66601939222377,36.36363636363637,73,review_rr_rejections,,0.6527777777777778,True,0.042317708333333336,0.0,0.0,0.0,0,1536,30.0,0.7957281066155358,17.84111834976316,0.19519483040907215,2.163846851880505,20210408100028Apr8_10_00_fasting.csv,S1,fasting,Well Hydrated,6.174444444444444,260,199680,201216
366.9782608695652,163.49742313843967,163.49742313843967,0.23736055067647757,14.241633040588654,45.605928519720614,112.09480791202672,22.22222222222222,75,review_rr_rejections,"
The maximal number of iterations maxit (set to 20 by the program)
allowed for finding a smoothing spline with fp=s has been reached: s
too small.
There is an approximation returned but the corresponding weighted sum
of squared residuals does not satisfy the condition abs(fp-s)/s < tol.",0.6891891891891891,True,0.13151041666666666,0.0,0.0,0.0,0,1536,30.0,1.5041155170562572,18.44390290064136,1.4676670942523475,1.8044733215306539,20210408100028Apr8_10_00_fasting.csv,S1,fasting,Well Hydrated,6.174444444444444,261,200448,201984
351.3378906249996,170.7757734107904,170.7757734107904,0.3563791874554526,21.382751247327157,17.4875653367262,138.56829283653815,0.0,79,review_rr_rejections,,0.7948717948717948,True,0.142578125,0.0,0.0,0.0,0,1536,30.0,1.5366136419806902,19.323038503716987,0.5773693489839689,2.052229982354601,20210408100028Apr8_10_00_fasting.csv,S1,fasting,Well Hydrated,6.174444444444444,262,201216,202752
325.32169117647055,184.4328294956915,184.4328294956915,0.18109380659181457,10.865628395508875,46.121944060916654,127.68798037177588,33.33333333333333,77,review_rr_rejections,,0.7763157894736842,True,0.2884114583333333,0.0,0.0,0.0,0,1536,30.0,2.424903419173734,19.015189328382487,0.16159949382937513,1.7997708674555013,20210408100028Apr8_10_00_fasting.csv,S1,fasting,Well Hydrated,6.174444444444444,263,201984,203520
348.2574404761907,172.28634058172267,172.28634058172267,0.13693002875530605,8.215801725318363,43.75483391662687,115.50901031675667,28.57142857142857,73,review_rr_rejections,"
The maximal number of iterations maxit (set to 20 by the program)
allowed for finding a smoothing spline with fp=s has been reached: s
too small.
There is an approximation returned but the corresponding weighted sum
of squared residuals does not satisfy the condition abs(fp-s)/s < tol.",0.7083333333333334,True,0.2513020833333333,0.0,0.0,0.0,0,1536,30.0,2.253233446801064,18.947950220340065,0.05326043755661016,2.0192873593362917,20210408100028Apr8_10_00_fasting.csv,S1,fasting,Well Hydrated,6.174444444444444,264,202752,204288
317.7877604166668,188.80525770196786,188.80525770196786,0.13131976362442546,7.879185817465528,33.72478803676869,122.44429636040731,12.5,78,review_rr_rejections,,0.6883116883116883,True,0.0546875,0.0,0.0,0.0,0,1536,30.0,0.9479402801426277,18.761051368683553,0.1894757975720733,1.9632656786560185,20210408100028Apr8_10_00_fasting.csv,S1,fasting,Well Hydrated,6.174444444444444,265,203520,205056
357.8883928571433,167.6500305612033,167.6500305612033,0.13324450366422386,7.994670219853432,20.66839657998435,148.1785151632101,0.0,76,review_rr_rejections,,0.72,True,0.240234375,0.0,0.0,0.0,0,1536,30.0,2.895709847118413,19.617801597133376,2.5958745631867357,1.7179656992521248,20210408100028Apr8_10_00_fasting.csv,S1,fasting,Well Hydrated,6.174444444444444,266,204288,205824
382.19642857142804,156.98733822361373,156.98733822361373,0.18716077110237694,11.229646266142616,7.531250000001307,174.04721433130138,0.0,69,review_rr_rejections,,0.7941176470588235,True,0.298828125,0.0,0.0,0.0,0,1536,30.0,3.2455907623672062,20.59329996366014,1.2898674091654394,1.8889964560362313,20210408100028Apr8_10_00_fasting.csv,S1,fasting,Well Hydrated,6.174444444444444,267,205056,206592
314.9264705882351,190.52066308662165,190.52066308662165,0.1870907390084191,11.225444340505145,28.336169052336565,116.93416290254832,0.0,74,review_rr_rejections,,0.7671232876712328,True,0.09700520833333333,0.0,0.0,0.0,0,1536,30.0,1.1945616595545399,19.993699899772,0.2972246002987757,1.6875579843245436,20210408100028Apr8_10_00_fasting.csv,S1,fasting,Well Hydrated,6.174444444444444,268,205824,207360
328.5580357142856,182.61613924480622,182.61613924480622,0.14515894904920887,8.709536942952532,26.370230611431065,121.4094014980254,0.0,78,review_rr_rejections,,0.7272727272727273,True,0.10872395833333333,0.0,0.0,0.0,0,1536,30.0,1.300921239875596,19.894896128304378,0.2907439079276504,1.81778877571096,20210408100028Apr8_10_00_fasting.csv,S1,fasting,Well Hydrated,6.174444444444444,269,206592,208128
360.22426470588294,166.56290505302022,166.56290505302022,0.1635322976287817,9.811937857726901,3.9202250015159454,136.43850341986285,0.0,71,review_rr_rejections,,0.7571428571428571,True,0.19791666666666666,0.0,0.0,0.0,0,1536,30.0,2.5575222093707777,20.30931266659717,0.23550649959691042,2.1560442275099576,20210408100028Apr8_10_00_fasting.csv,S1,fasting,Well Hydrated,6.174444444444444,270,207360,208896
413.958806818182,144.94195802036182,144.94195802036182,0.21985269869187646,13.191161921512588,55.870706164246805,144.3858692614944,33.33333333333333,70,review_rr_rejections,"
The maximal number of iterations maxit (set to 20 by the program)
allowed for finding a smoothing spline with fp=s has been reached: s
too small.
There is an approximation returned but the corresponding weighted sum
of squared residuals does not satisfy the condition abs(fp-s)/s < tol.",0.6811594202898551,True,0.3580729166666667,0.0,0.0,0.0,0,1536,30.0,3.8121980641795212,20.020726323096287,0.33359079795676444,2.0505812067061107,20210408100028Apr8_10_00_fasting.csv,S1,fasting,Well Hydrated,6.174444444444444,271,208128,209664
384.91249999999997,155.87958302211544,155.87958302211544,0.13005592404734034,7.80335544284042,40.17680043219889,121.63061660014426,25.0,75,review_rr_rejections,,0.7297297297297297,True,0.3561197916666667,0.0,0.0,0.0,0,1536,30.0,3.1259012150157397,20.437326806932816,1.1014672232845317,2.149658831495738,20210408100028Apr8_10_00_fasting.csv,S1,fasting,Well Hydrated,6.174444444444444,272,208896,210432
404.87708333333313,148.19312445649663,148.19312445649663,0.3297065611605671,19.78239366963403,42.26724523234544,134.33014777938092,50.0,72,review_rr_rejections,,0.7887323943661971,True,0.3046875,0.0,0.0,0.0,0,1536,30.0,2.185185230027064,19.745522110849922,2.820942290536441,2.067301829579239,20210408100028Apr8_10_00_fasting.csv,S1,fasting,Well Hydrated,6.174444444444444,273,209664,211200
342.11789772727275,175.37813835109674,175.37813835109674,0.39904229848363926,23.942537909018355,40.43174436193032,106.32731976592842,25.0,75,review_rr_rejections,,0.7027027027027027,True,0.318359375,0.0,0.0,0.0,0,1536,30.0,2.066466666929169,17.982171111134985,0.3760763119131023,1.8477635355654478,20210408100028Apr8_10_00_fasting.csv,S1,fasting,Well Hydrated,6.174444444444444,274,210432,211968
365.79062500000015,164.0282607024168,164.0282607024168,0.27367268746579093,16.420361247947454,46.04526899557649,96.97113833467121,40.0,80,review_rr_rejections,,0.7468354430379747,True,0.10091145833333333,0.0,0.0,0.0,0,1536,30.0,0.9727801249757357,17.913294482110928,0.18127581977393684,2.178729107428196,20210408100028Apr8_10_00_fasting.csv,S1,fasting,Well Hydrated,6.174444444444444,275,211200,212736
385.61397058823565,155.5960223859962,155.5960223859962,0.15276504735716467,9.16590284142988,,139.51061883948822,,73,insufficient_valid_beats,Mean of empty slice.; Degrees of freedom <= 0 for slice,0.7638888888888888,False,0.17643229166666666,0.0,0.0,0.0,0,1536,30.0,1.27089169959759,17.947231563417887,0.1530686274475927,2.23330521370928,20210408100028Apr8_10_00_fasting.csv,S1,fasting,Well Hydrated,6.174444444444444,276,211968,213504
,,,,,,,,0,timing_gap,,,False,0.17643229166666666,0.0,0.0,0.0,1,1536,30.0,1.2854615734125756,17.869063318361313,0.08799731291629886,2.1719577733474895,20210408100028Apr8_10_00_fasting.csv,S1,fasting,Well Hydrated,6.174444444444444,277,212736,214272
,,,,,,,,0,timing_gap,,,False,0.0,0.0,0.0,0.0,1,1536,30.0,0.6301191172554786,17.956746878734503,0.17855731459093663,2.168987560454365,20210408100028Apr8_10_00_fasting.csv,S1,fasting,Well Hydrated,6.174444444444444,278,213504,215040
394.44350961538436,152.11303656258676,152.11303656258676,0.2928257686676427,17.56954612005856,45.01516888435984,146.8997529313798,30.0,75,review_rr_rejections,"
The maximal number of iterations maxit (set to 20 by the program)
allowed for finding a smoothing spline with fp=s has been reached: s
too small.
There is an approximation returned but the corresponding weighted sum
of squared residuals does not satisfy the condition abs(fp-s)/s < tol.",0.6486486486486487,True,0.11783854166666667,0.0,0.0,0.0,0,1536,30.0,1.695575777450758,18.368090646299223,0.35568278834678385,2.079707862581585,20210408100028Apr8_10_00_fasting.csv,S1,fasting,Well Hydrated,6.174444444444444,279,214272,215808
348.38875000000024,172.22140496786983,172.22140496786983,0.34498620055197793,20.699172033118675,53.92408823213135,133.2213897169854,50.0,77,review_rr_rejections,,0.6710526315789473,True,0.16145833333333334,0.0,0.0,0.0,0,1536,30.0,2.2632564782693865,18.907711812166053,0.07978067129209354,2.149908166334761,20210408100028Apr8_10_00_fasting.csv,S1,fasting,Well Hydrated,6.174444444444444,280,215040,216576
333.3499999999998,179.9910004499776,179.9910004499776,0.1502403846153846,9.014423076923077,34.53125000000057,127.71843826423961,0.0,80,review_rr_rejections,,0.7468354430379747,True,0.109375,0.0,0.0,0.0,0,1536,30.0,1.891896346113943,19.087022429047796,0.1013250292803724,1.985881540575349,20210408100028Apr8_10_00_fasting.csv,S1,fasting,Well Hydrated,6.174444444444444,281,215808,217344
391.89930555555543,153.10055197710585,153.10055197710585,0.14194464158977999,8.516678495386799,31.914229841973356,141.61392690004854,0.0,78,review_rr_rejections,"
The maximal number of iterations maxit (set to 20 by the program)
allowed for finding a smoothing spline with fp=s has been reached: s
too small.
There is an approximation returned but the corresponding weighted sum
of squared residuals does not satisfy the condition abs(fp-s)/s < tol.",0.7662337662337663,True,0.06575520833333333,0.0,0.0,0.0,0,1536,30.0,1.2024618445646151,19.22143229944191,0.1560186711204543,2.1141915789841983,20210408100028Apr8_10_00_fasting.csv,S1,fasting,Well Hydrated,6.174444444444444,282,216576,218112
423.9419642857143,141.5288059560039,141.5288059560039,0.11247328759419638,6.748397255651783,49.78727820728011,133.71698708264432,37.5,76,review_rr_rejections,,0.72,True,0.061197916666666664,0.0,0.0,0.0,0,1536,30.0,1.1150284183869152,19.308417739376065,0.08832765726749119,2.226381524155163,20210408100028Apr8_10_00_fasting.csv,S1,fasting,Well Hydrated,6.174444444444444,283,217344,218880
386.8697916666667,155.09094091196704,155.09094091196704,0.21572645885017797,12.943587531010678,40.18734204867876,127.04352379802407,30.0,74,review_rr_rejections,,0.6712328767123288,True,0.31640625,0.0,0.0,0.0,0,1536,30.0,2.8530076999020957,20.310854303733862,1.1727857824665036,2.095052350812304,20210408100028Apr8_10_00_fasting.csv,S1,fasting,Well Hydrated,6.174444444444444,284,218112,219648
406.9305555555559,147.44530530052208,147.44530530052208,0.1366867140513942,8.201202843083653,46.381843329314066,122.74761616350594,33.33333333333333,73,review_rr_rejections,,0.75,True,0.3072916666666667,0.0,0.0,0.0,0,1536,30.0,2.706849160149733,20.04471695869859,2.359866879987821,1.9422091353629192,20210408100028Apr8_10_00_fasting.csv,S1,fasting,Well Hydrated,6.174444444444444,285,218880,220416
376.2083333333336,159.48610034333802,159.48610034333802,0.35486160397444994,21.291696238466997,36.599320402246,127.30449914858544,0.0,76,review_rr_rejections,,0.8,True,0.09440104166666667,0.0,0.0,0.0,0,1536,30.0,1.4099550151344615,18.50223649621513,0.7105660878000397,1.518440511575353,20210408100028Apr8_10_00_fasting.csv,S1,fasting,Well Hydrated,6.174444444444444,286,219648,221184
394.23848684210475,152.19214258000747,152.19214258000747,0.2673082063619353,16.038492381716118,34.86198373811008,118.10233318209995,25.0,76,review_rr_rejections,"
The maximal number of iterations maxit (set to 20 by the program)
allowed for finding a smoothing spline with fp=s has been reached: s
too small.
There is an approximation returned but the corresponding weighted sum
of squared residuals does not satisfy the condition abs(fp-s)/s < tol.",0.7466666666666667,True,0.046223958333333336,0.0,0.0,0.0,0,1536,30.0,1.005100791091773,18.069631794863664,0.18439871926636284,2.174778915818679,20210408100028Apr8_10_00_fasting.csv,S1,fasting,Well Hydrated,6.174444444444444,287,220416,221952
421.2812500000003,142.4226689414731,142.4226689414731,0.11880717595342759,7.128430557205656,51.051836784415094,112.8851367610569,25.0,71,review_rr_rejections,,0.7142857142857143,True,0.109375,0.0,0.0,0.0,0,1536,30.0,1.1533359241142787,17.652441532513667,0.2030204091472049,1.9885202768383616,20210408100028Apr8_10_00_fasting.csv,S1,fasting,Well Hydrated,6.174444444444444,288,221184,222720
391.5896739130438,153.22160924326,153.22160924326,0.11119759813188035,6.671855887912821,49.764331601828246,140.80926945879207,28.57142857142857,72,review_rr_rejections,,0.676056338028169,True,0.10546875,0.0,0.0,0.0,0,1536,30.0,1.3396966889326907,17.256380926898625,0.04305512270862651,2.160034331796191,20210408100028Apr8_10_00_fasting.csv,S1,fasting,Well Hydrated,6.174444444444444,289,221952,223488
327.15104166666646,183.40152516198887,183.40152516198887,0.38289725590299933,22.97383535417996,41.67571516333012,110.67508159954514,28.57142857142857,79,review_rr_rejections,,0.6923076923076923,True,0.08854166666666667,0.0,0.0,0.0,0,1536,30.0,1.1409380360370927,17.16694537609711,0.008553914222090285,2.2328834506712325,20210408100028Apr8_10_00_fasting.csv,S1,fasting,Well Hydrated,6.174444444444444,290,222720,224256
377.09765625000034,159.10997855744415,159.10997855744415,0.1659475605708596,9.956853634251576,46.46206660075048,140.8155370961281,50.0,69,review_rr_rejections,,0.7647058823529411,True,0.3352864583333333,0.0,0.0,0.0,0,1536,30.0,2.6015831139373096,17.447274459415514,0.2591848124923587,1.488162849095755,20210408100028Apr8_10_00_fasting.csv,S1,fasting,Well Hydrated,6.174444444444444,291,223488,225024
432.44230769230785,138.74683150264593,138.74683150264593,0.17809439002671415,10.685663401602849,31.603817325303027,117.53967776151283,0.0,67,review_rr_rejections,,0.803030303030303,True,0.3860677083333333,0.0,0.0,0.0,0,1536,30.0,2.8286875669687,18.856319720292237,1.653256327984798,2.010347466010579,20210408100028Apr8_10_00_fasting.csv,S1,fasting,Well Hydrated,6.174444444444444,292,224256,225792
468.6083333333334,128.03869613927762,128.03869613927762,0.2848597065945022,17.091582395670134,60.20619814913407,151.72974186352607,33.33333333333333,58,review_rr_rejections,"
The maximal number of iterations maxit (set to 20 by the program)
allowed for finding a smoothing spline with fp=s has been reached: s
too small.
There is an approximation returned but the corresponding weighted sum
of squared residuals does not satisfy the condition abs(fp-s)/s < tol.",0.7368421052631579,True,0.4153645833333333,0.0,0.0,0.0,0,1536,30.0,2.630203035519349,20.110807236145867,0.13267365429621555,2.175638620920522,20210408100028Apr8_10_00_fasting.csv,S1,fasting,Well Hydrated,6.174444444444444,293,225024,226560
454.4903846153851,132.0159942454565,132.0159942454565,0.3389830508474576,20.338983050847457,67.62795790280892,172.63645852655878,33.33333333333333,59,review_rr_rejections,,0.7758620689655172,True,0.3203125,0.0,0.0,0.0,0,1536,30.0,2.3321875247746493,20.307199800415997,0.20961424445404986,1.9085624826180245,20210408100028Apr8_10_00_fasting.csv,S1,fasting,Well Hydrated,6.174444444444444,294,225792,227328
485.8930921052635,123.48395351749855,123.48395351749855,0.21689621516104543,13.013772909662725,91.02877542694559,155.82893571999494,66.66666666666666,70,review_rr_rejections,,0.7246376811594203,True,0.11588541666666667,0.0,0.0,0.0,0,1536,30.0,1.2044645426177762,20.960164956604956,0.42908709183471877,2.0597048412052756,20210408100028Apr8_10_00_fasting.csv,S1,fasting,Well Hydrated,6.174444444444444,295,226560,228096
,,,,,,,,0,heartpy_failed,ValueError: invalid number of data points (0) specified,,False,0.15625,0.0,0.0,0.0,0,1536,30.0,1.5702226521692042,21.443905659191103,0.06941577277756943,2.1057991615760057,20210408100028Apr8_10_00_fasting.csv,S1,fasting,Well Hydrated,6.174444444444444,296,227328,228864
357.05357142857156,168.0420105026256,168.0420105026256,0.2671296914652064,16.02778148791238,52.62131166558118,115.84775845171357,50.0,74,review_rr_rejections,,0.7123287671232876,True,0.16927083333333334,0.0,0.0,0.0,0,1536,30.0,1.9127723633789804,21.63833868844928,0.253869011857302,2.0145698929265414,20210408100028Apr8_10_00_fasting.csv,S1,fasting,Well Hydrated,6.174444444444444,297,228096,229632
329.6175595238098,182.02913730288063,182.02913730288063,0.14473874656245478,8.684324793747287,58.062499999997954,146.88224744807744,100.0,77,review_rr_rejections,,0.7236842105263158,True,0.17903645833333334,0.0,0.0,0.0,0,1536,30.0,2.3686920290991846,21.22922044526028,0.6133200931041843,2.10844810093042,20210408100028Apr8_10_00_fasting.csv,S1,fasting,Well Hydrated,6.174444444444444,298,228864,230400
406.1041666666669,147.7453444826347,147.7453444826347,0.1643925694558606,9.863554167351635,52.89131046453862,127.45819865553507,50.0,69,review_rr_rejections,,0.7794117647058824,True,0.32421875,0.0,0.0,0.0,0,1536,30.0,3.8766258184441433,20.83417621635803,0.40765681202327714,2.0551984561843235,20210408100028Apr8_10_00_fasting.csv,S1,fasting,Well Hydrated,6.174444444444444,299,229632,231168
372.9203125,160.89228177936806,160.89228177936806,0.26852846401718583,16.11170784103115,39.56180143537938,125.57398547325275,20.0,71,review_rr_rejections,"
The maximal number of iterations maxit (set to 20 by the program)
allowed for finding a smoothing spline with fp=s has been reached: s
too small.
There is an approximation returned but the corresponding weighted sum
of squared residuals does not satisfy the condition abs(fp-s)/s < tol.",0.7142857142857143,True,0.3203125,0.0,0.0,0.0,0,1536,30.0,3.972523009023343,20.536325353698647,0.7347070716765133,2.1423623190842407,20210408100028Apr8_10_00_fasting.csv,S1,fasting,Well Hydrated,6.174444444444444,300,230400,231936
318.1730769230772,188.57660924750664,188.57660924750664,0.12106537530266344,7.263922518159807,24.815505058220396,115.47000143447522,0.0,81,review_rr_rejections,"
The maximal number of iterations maxit (set to 20 by the program)
allowed for finding a smoothing spline with fp=s has been reached: s
too small.
There is an approximation returned but the corresponding weighted sum
of squared residuals does not satisfy the condition abs(fp-s)/s < tol.",0.675,True,0.09049479166666667,0.0,0.0,0.0,0,1536,30.0,1.7838498951858608,20.687903768895776,0.6308238777503625,2.1176242075331597,20210408100028Apr8_10_00_fasting.csv,S1,fasting,Well Hydrated,6.174444444444444,301,231168,232704
313.78124999999983,191.21601434120117,191.21601434120117,0.13877324451845682,8.32639467110741,22.475290251184557,126.52723777423186,0.0,78,review_rr_rejections,,0.7012987012987013,True,0.08333333333333333,0.0,0.0,0.0,0,1536,30.0,1.18018217959293,21.061551090763505,0.13721587977101515,2.2101062084831566,20210408100028Apr8_10_00_fasting.csv,S1,fasting,Well Hydrated,6.174444444444444,302,231936,233472
348.5729166666668,172.13041269461786,172.13041269461786,0.4104528663291832,24.627171979750994,20.454067969095554,129.94779899078554,0.0,74,review_rr_rejections,,0.7123287671232876,True,0.17122395833333334,0.0,0.0,0.0,0,1536,30.0,2.017567923990422,21.05878276744886,0.11704343140407426,2.105636527800572,20210408100028Apr8_10_00_fasting.csv,S1,fasting,Well Hydrated,6.174444444444444,303,232704,234240
321.26302083333303,186.76285818506076,186.76285818506076,0.2598752598752599,15.592515592515593,33.559526535532186,86.03754872958324,25.0,78,review_rr_rejections,,0.6883116883116883,True,0.23502604166666666,0.0,0.0,0.0,0,1536,30.0,2.5224294894529096,21.354418957159577,0.04597524703987477,1.8625381095417621,20210408100028Apr8_10_00_fasting.csv,S1,fasting,Well Hydrated,6.174444444444444,304,233472,235008
369.97321428571456,162.17390255086022,162.17390255086022,0.25779840164990975,15.467904098994584,33.25172650928375,142.63116818627063,28.57142857142857,71,review_rr_rejections,,0.7,True,0.47265625,0.0,0.0,0.0,0,1536,30.0,5.534533951777834,21.794890663339185,0.5399955843078157,1.9931881514482315,20210408100028Apr8_10_00_fasting.csv,S1,fasting,Well Hydrated,6.174444444444444,305,234240,235776
538.7932692307687,111.35996573539526,111.35996573539526,0.4286326618088298,25.71795970852979,81.03088543593353,146.01620681627853,100.0,62,review_rr_rejections,,0.7868852459016393,True,0.8255208333333334,0.0,0.0,0.0,0,1536,30.0,12.090574467731797,22.214382158701287,0.8474672016428868,2.0209422780137065,20210408100028Apr8_10_00_fasting.csv,S1,fasting,Well Hydrated,6.174444444444444,306,235008,236544
,,,,,,,,0,heartpy_failed,ValueError: invalid number of data points (0) specified,,False,0.5859375,0.0,0.0,0.0,0,1536,30.0,8.830861883227474,22.177529702119102,0.6488936880186557,1.6987716373554678,20210408100028Apr8_10_00_fasting.csv,S1,fasting,Well Hydrated,6.174444444444444,307,235776,237312
344.928571428571,173.94905777593726,173.94905777593726,0.27651043826904464,16.59062629614268,47.00126951410398,122.40556489030214,40.0,81,review_rr_rejections,,0.7375,True,0.216796875,0.0,0.0,0.0,0,1536,30.0,2.7037919099755876,21.84188590855879,0.5963170521781295,1.5875886881716121,20210408100028Apr8_10_00_fasting.csv,S1,fasting,Well Hydrated,6.174444444444444,308,236544,238080
409.4419642857143,146.54091479038325,146.54091479038325,0.23288309268747087,13.972985561248253,54.61052320562125,109.1917266732903,50.0,70,review_rr_rejections,,0.6956521739130435,True,0.4680989583333333,0.0,0.0,0.0,0,1536,30.0,5.124732018202605,21.992760470026905,0.827767940506166,1.8021075116186316,20210408100028Apr8_10_00_fasting.csv,S1,fasting,Well Hydrated,6.174444444444444,309,237312,238848
388.40625000000006,154.4774318126961,154.4774318126961,0.30934213239843267,18.56052794390596,45.51791263990254,133.6494426311799,25.0,71,review_rr_rejections,,0.6428571428571429,True,0.4251302083333333,0.0,0.0,0.0,0,1536,30.0,4.400487789709964,22.011111637558884,0.4517857980788231,1.8965520934818778,20210408100028Apr8_10_00_fasting.csv,S1,fasting,Well Hydrated,6.174444444444444,310,238080,239616
321.7200000000001,186.49757553151804,186.49757553151804,0.24909702329057168,14.945821397434301,38.482579989829496,105.47167032253284,22.22222222222222,78,review_rr_rejections,,0.6753246753246753,True,0.087890625,0.0,0.0,0.0,0,1536,30.0,1.242346341224797,21.743327941948564,0.09505097729164284,1.8135118477740135,20210408100028Apr8_10_00_fasting.csv,S1,fasting,Well Hydrated,6.174444444444444,311,238848,240384
340.94401041666663,175.9819740686284,175.9819740686284,0.3672420124862284,22.034520749173705,36.361831564764756,89.15353487948576,18.181818181818183,77,review_rr_rejections,,0.6842105263157895,True,0.2799479166666667,0.0,0.0,0.0,0,1536,30.0,2.0853904557244496,21.89960447106232,0.16025782094827742,1.8126756066334175,20210408100028Apr8_10_00_fasting.csv,S1,fasting,Well Hydrated,6.174444444444444,312,239616,241152
381.7165178571432,157.18470957668882,157.18470957668882,0.3747423646243208,22.48454187745925,29.48543624437056,131.4022647095504,0.0,69,review_rr_rejections,,0.7941176470588235,True,0.3736979166666667,0.0,0.0,0.0,0,1536,30.0,3.471563094023219,21.810321353922138,0.6372623990692682,1.6793534929939091,20210408100028Apr8_10_00_fasting.csv,S1,fasting,Well Hydrated,6.174444444444444,313,240384,241920
367.5144230769232,163.25889878733167,163.25889878733167,0.41937513105472846,25.162507863283707,12.531249999998579,152.45950736022644,0.0,74,review_rr_rejections,,0.821917808219178,True,0.10221354166666667,0.0,0.0,0.0,0,1536,30.0,1.8957667496335615,21.5464978211976,0.5645926449709658,1.3268228946083334,20210408100028Apr8_10_00_fasting.csv,S1,fasting,Well Hydrated,6.174444444444444,314,241152,242688
351.4424999999999,170.72494077978624,170.72494077978624,0.3419193070435377,20.51515842261226,39.33972667739256,129.73929468119886,16.666666666666664,79,review_rr_rejections,,0.6794871794871795,True,0.008463541666666666,0.0,0.0,0.0,0,1536,30.0,0.5063569897568361,21.022384143613497,0.193827340583564,2.1382782835248086,20210408100028Apr8_10_00_fasting.csv,S1,fasting,Well Hydrated,6.174444444444444,315,241920,243456
,,,,,,,,0,timing_gap,,,False,0.0,0.0,0.0,0.0,1,1536,30.0,0.28232975534706034,20.310952473857117,0.27581395997930486,2.123993699436424,20210408100028Apr8_10_00_fasting.csv,S1,fasting,Well Hydrated,6.174444444444444,316,242688,244224
,,,,,,,,0,timing_gap,,,False,0.119140625,0.0,0.0,0.0,1,1536,30.0,1.188650791094988,20.487117974754423,0.5235601815814308,2.021549370336668,20210408100028Apr8_10_00_fasting.csv,S1,fasting,Well Hydrated,6.174444444444444,317,243456,244992
369.6546052631577,162.31368186874315,162.31368186874315,0.14251104460595695,8.550662676357417,51.61680473692705,130.1463752705448,40.0,66,review_rr_rejections,,0.7076923076923077,True,0.2766927083333333,0.0,0.0,0.0,0,1536,30.0,2.1713320795290003,20.74577468689604,0.3375752671051267,2.105794027930742,20210408100028Apr8_10_00_fasting.csv,S1,fasting,Well Hydrated,6.174444444444444,318,244224,245760
352.0703124999999,170.4205037168535,170.4205037168535,0.17780938833570412,10.668563300142248,24.053661120114814,138.33629223213669,0.0,68,review_rr_rejections,,0.7611940298507462,True,0.15755208333333334,0.0,0.0,0.0,0,1536,30.0,1.3086983827745484,20.04557856489629,0.23013974076252539,2.0833312532190202,20210408100028Apr8_10_00_fasting.csv,S1,fasting,Well Hydrated,6.174444444444444,319,244992,246528
391.66586538461576,153.1918027655538,153.1918027655538,0.19665683382497542,11.799410029498526,,137.00073276788885,,72,insufficient_valid_beats,Mean of empty slice.; Degrees of freedom <= 0 for slice,0.8169014084507042,False,0.0,0.0,0.0,0.0,0,1536,30.0,0.35961393700091887,20.161049380688578,0.35796492636794147,1.868536188533156,20210408100028Apr8_10_00_fasting.csv,S1,fasting,Well Hydrated,6.174444444444444,320,245760,247296
349.3143382352947,171.76506496445214,171.76506496445214,0.5059021922428331,30.354131534569984,8.38819506248364,157.5147797652866,0.0,73,review_rr_rejections,,0.7638888888888888,True,0.09635416666666667,0.0,0.0,0.0,0,1536,30.0,0.9003264463433428,21.48621717721568,0.9995121786036586,1.943988618933974,20210408100028Apr8_10_00_fasting.csv,S1,fasting,Well Hydrated,6.174444444444444,321,246528,248064
355.3421875,168.85132728575888,168.85132728575888,0.2817695125387433,16.9061707523246,62.064028257240444,129.15750569306968,50.0,77,review_rr_rejections,,0.7368421052631579,True,0.14192708333333334,0.0,0.0,0.0,0,1536,30.0,0.9923450066026193,22.26945767152908,0.2450897982021709,2.096360230733181,20210408100028Apr8_10_00_fasting.csv,S1,fasting,Well Hydrated,6.174444444444444,322,247296,248832
349.32700892857156,171.7588347492148,171.7588347492148,0.10239606799098915,6.143764079459348,47.46435938608912,103.46533515007077,18.181818181818183,77,review_rr_rejections,,0.631578947368421,True,0.12369791666666667,0.0,0.0,0.0,0,1536,30.0,0.9823941883691951,22.20607363461869,0.12945374366773105,2.070790665588254,20210408100028Apr8_10_00_fasting.csv,S1,fasting,Well Hydrated,6.174444444444444,323,248064,249600
397.7690217391302,150.8413092041892,150.8413092041892,0.21893814997263272,13.136288998357964,37.96820987270132,121.36086431306691,11.11111111111111,67,review_rr_rejections,,0.6515151515151515,True,0.455078125,0.0,0.0,0.0,0,1536,30.0,2.4771299180575697,23.334212420526125,1.4327242468249335,1.9623280506737177,20210408100028Apr8_10_00_fasting.csv,S1,fasting,Well Hydrated,6.174444444444444,324,248832,250368
558.8020833333334,107.37254170938577,107.37254170938577,0.4476275738585497,26.85765443151298,19.531249999998863,148.9636996411003,0.0,56,review_rr_rejections,,0.7818181818181819,True,0.4791666666666667,0.0,0.0,0.0,0,1536,30.0,2.9290770437106564,24.302315470922093,0.12933575172880385,1.978253498919265,20210408100028Apr8_10_00_fasting.csv,S1,fasting,Well Hydrated,6.174444444444444,325,249600,251136
492.1269531249998,121.91975997047261,121.91975997047261,0.2541942043721403,15.251652262328419,54.961511746289865,130.65269801510667,40.0,62,review_rr_rejections,,0.7377049180327869,True,0.3190104166666667,0.0,0.0,0.0,0,1536,30.0,1.898773327401995,23.645500057039342,0.3066097350286083,2.1672765940477947,20210408100028Apr8_10_00_fasting.csv,S1,fasting,Well Hydrated,6.174444444444444,326,250368,251904
446.11328124999983,134.49498708462858,134.49498708462858,0.2804524633074693,16.82714779844816,58.63317007302629,127.1764576660356,50.0,70,review_rr_rejections,,0.6521739130434783,True,0.21875,0.0,0.0,0.0,0,1536,30.0,1.018216059935401,23.137837565267432,0.07581120205806426,2.1589007605760244,20210408100028Apr8_10_00_fasting.csv,S1,fasting,Well Hydrated,6.174444444444444,327,251136,252672
343.414314516129,174.71607170638777,174.71607170638777,0.18812905653278147,11.287743391966888,43.78396346530019,126.29262444376941,30.76923076923077,84,review_rr_rejections,,0.6265060240963856,True,0.001953125,0.0,0.0,0.0,0,1536,30.0,0.5541272307174608,23.19801143183338,0.1518677938388648,2.1092233461947045,20210408100028Apr8_10_00_fasting.csv,S1,fasting,Well Hydrated,6.174444444444444,328,251904,253440
376.0018939393937,159.57366430093347,159.57366430093347,0.32278889606197547,19.367333763718527,47.51863247919003,128.3607858939577,30.76923076923077,76,review_rr_rejections,,0.56,True,0.20182291666666666,0.0,0.0,0.0,0,1536,30.0,0.9961307402842635,23.09315599457888,0.16419495002495135,2.122109081882449,20210408100028Apr8_10_00_fasting.csv,S1,fasting,Well Hydrated,6.174444444444444,329,252672,254208
404.11057692307685,148.47421331271195,148.47421331271195,0.19056693663649354,11.434016198189612,62.530691682915354,120.7701669928651,70.0,71,review_rr_rejections,,0.6285714285714286,True,0.20182291666666666,0.0,0.0,0.0,0,1536,30.0,0.946361398348376,22.654175259056558,0.12216317843178143,2.189557900612272,20210408100028Apr8_10_00_fasting.csv,S1,fasting,Well Hydrated,6.174444444444444,330,253440,254976
384.26953125000017,156.14040437925033,156.14040437925033,0.32566217976552325,19.539730785931397,58.48703059136968,119.014495330079,66.66666666666666,74,review_rr_rejections,,0.6712328767123288,True,0.020182291666666668,0.0,0.0,0.0,0,1536,30.0,0.4365811287389046,22.558664382658588,0.3402671683395507,1.9365947175855682,20210408100028Apr8_10_00_fasting.csv,S1,fasting,Well Hydrated,6.174444444444444,331,254208,255744
333.8534482758622,179.71957548996818,179.71957548996818,0.20693222969477496,12.415933781686498,35.75131002662445,129.92570539080785,8.333333333333332,81,review_rr_rejections,,0.6375,True,0.020182291666666668,0.0,0.0,0.0,0,1536,30.0,0.36719312814097593,22.5277813691377,0.5839214287755273,2.1037966180457235,20210408100028Apr8_10_00_fasting.csv,S1,fasting,Well Hydrated,6.174444444444444,332,254976,256512
374.18028846153834,160.3505097681471,160.3505097681471,0.10294420424130121,6.176652254478073,38.53623106121406,154.9143544175438,9.090909090909092,81,review_rr_rejections,,0.675,True,0.0,0.0,0.0,0.0,0,1536,30.0,0.35272000240782564,21.88889204514307,0.47905162903845877,1.8598408672883402,20210408100028Apr8_10_00_fasting.csv,S1,fasting,Well Hydrated,6.174444444444444,333,255744,257280
406.9765625000001,147.4286372449273,147.4286372449273,0.3690490835281093,22.142945011686557,54.155887098467254,139.52650638458147,25.0,77,review_rr_rejections,,0.7368421052631579,True,0.0,0.0,0.0,0.0,0,1536,30.0,0.4298414053227991,21.524574124461548,0.08857693353738749,2.085320929631578,20210408100028Apr8_10_00_fasting.csv,S1,fasting,Well Hydrated,6.174444444444444,334,256512,258048
369.80255681818153,162.24874299476468,162.24874299476468,0.24615384615384617,14.76923076923077,36.748215128141844,106.5416074336991,0.0,78,review_rr_rejections,,0.7142857142857143,True,0.0,0.0,0.0,0.0,0,1536,30.0,0.3992701697891235,21.210868423294773,0.24444079218953807,2.1964965482515484,20210408100028Apr8_10_00_fasting.csv,S1,fasting,Well Hydrated,6.174444444444444,335,257280,258816
362.047554347826,165.72408590932466,165.72408590932466,0.12026458208057728,7.215874924834637,26.200579718857277,140.1343541647963,0.0,81,review_rr_rejections,,0.7125,True,0.0,0.0,0.0,0.0,0,1536,30.0,0.38247557162705775,20.685634283366387,0.050589592015323016,2.2438134630443485,20210408100028Apr8_10_00_fasting.csv,S1,fasting,Well Hydrated,6.174444444444444,336,258048,259584
416.3229166666665,144.11889809092506,144.11889809092506,0.13361838588989844,8.017103153393906,14.239865273970493,154.89998068029874,0.0,71,review_rr_rejections,,0.7428571428571429,True,0.232421875,0.0,0.0,0.0,0,1536,30.0,1.3194771666826577,21.316293438795288,0.7642690400816564,2.0252215723380695,20210408100028Apr8_10_00_fasting.csv,S1,fasting,Well Hydrated,6.174444444444444,337,258816,260352
400.12946428571456,149.95146660121156,149.95146660121156,0.17873100983020554,10.723860589812332,27.284713053394707,147.8086825886654,0.0,70,review_rr_rejections,,0.7971014492753623,True,0.3125,0.0,0.0,0.0,0,1536,30.0,1.5813472771669546,22.463287509065072,0.5292249531106181,2.0083399045073937,20210408100028Apr8_10_00_fasting.csv,S1,fasting,Well Hydrated,6.174444444444444,338,259584,261120
323.67307692307634,185.37222981403397,185.37222981403397,0.238038562247084,14.28231373482504,47.829500654015185,118.80108568124346,50.0,75,review_rr_rejections,,0.8243243243243243,True,0.080078125,0.0,0.0,0.0,0,1536,30.0,0.6083457845759213,22.07708888083207,0.8971456575105231,2.1997831778336727,20210408100028Apr8_10_00_fasting.csv,S1,fasting,Well Hydrated,6.174444444444444,339,260352,261888
372.37695312500045,161.12705014764714,161.12705014764714,0.3361344537815126,20.168067226890756,58.94989679406673,130.77544951889436,100.0,73,review_rr_rejections,,0.7777777777777778,True,0.150390625,0.0,0.0,0.0,0,1536,30.0,2.009838177030373,20.996863181371662,0.4374074134592316,1.995387787349264,20210408100028Apr8_10_00_fasting.csv,S1,fasting,Well Hydrated,6.174444444444444,340,261120,262656
,,,,,,,,0,timing_gap,,,False,0.150390625,0.0,0.0,0.0,1,1536,30.0,1.9696632686350821,20.433060879870123,0.4991115772188646,2.227804266527144,20210408100028Apr8_10_00_fasting.csv,S1,fasting,Well Hydrated,6.174444444444444,341,261888,263424
,,,,,,,,0,timing_gap,,,False,0.0,0.0,0.0,0.0,1,1536,30.0,0.20122633091788336,19.667416628192303,0.4348374317334207,1.934459162140862,20210408100028Apr8_10_00_fasting.csv,S1,fasting,Well Hydrated,6.174444444444444,342,262656,264192
412.31119791666697,145.52115077923912,145.52115077923912,0.3035822707953856,18.214936247723134,35.33265069814602,148.45187635402652,0.0,69,review_rr_rejections,,0.6470588235294118,True,0.17057291666666666,0.0,0.0,0.0,0,1536,30.0,2.5054636032869593,20.1095571832331,2.15829997665514,1.333794177892213,20210408100028Apr8_10_00_fasting.csv,S1,fasting,Well Hydrated,6.174444444444444,343,263424,264960
360.68359374999994,166.35078789191533,166.35078789191533,0.23137436372049977,13.882461823229987,34.74015710420749,110.21075495251016,0.0,76,review_rr_rejections,,0.68,True,0.23372395833333334,0.0,0.0,0.0,0,1536,30.0,2.9959357979345262,21.611216398426293,1.9052662694538058,2.110316132362145,20210408100028Apr8_10_00_fasting.csv,S1,fasting,Well Hydrated,6.174444444444444,344,264192,265728
349.0399999999999,171.90006876002755,171.90006876002755,0.1147842056932966,6.887052341597796,29.395222427505683,113.98565751334726,14.285714285714285,76,review_rr_rejections,"
The maximal number of iterations maxit (set to 20 by the program)
allowed for finding a smoothing spline with fp=s has been reached: s
too small.
There is an approximation returned but the corresponding weighted sum
of squared residuals does not satisfy the condition abs(fp-s)/s < tol.",0.6666666666666666,True,0.06315104166666667,0.0,0.0,0.0,0,1536,30.0,0.7577018583311218,21.464417713040962,0.8582207251130454,2.05317288514216,20210408100028Apr8_10_00_fasting.csv,S1,fasting,Well Hydrated,6.174444444444444,345,264960,266496
323.25284090909105,185.61321791097237,185.61321791097237,0.14088475626937166,8.4530853761623,27.657763275789662,97.69516538673008,14.285714285714285,74,review_rr_rejections,,0.6986301369863014,True,0.0,0.0,0.0,0.0,0,1536,30.0,0.3169163982530506,20.39599035879022,0.18341845295919615,2.2814557358155887,20210408100028Apr8_10_00_fasting.csv,S1,fasting,Well Hydrated,6.174444444444444,346,265728,267264
349.89843749999994,171.47833076562398,171.47833076562398,0.286286859433152,17.177211565989122,16.04478290890112,120.0562713421264,0.0,75,review_rr_rejections,,0.7297297297297297,True,0.0,0.0,0.0,0.0,0,1536,30.0,0.284895911100827,19.74454788669834,0.12925880590391928,2.250224349777801,20210408100028Apr8_10_00_fasting.csv,S1,fasting,Well Hydrated,6.174444444444444,347,266496,268032
373.35085227272725,160.7067444329038,160.7067444329038,0.24387269845140835,14.632361907084501,28.904236979458236,116.80996228053948,0.0,77,review_rr_rejections,,0.7105263157894737,True,0.09830729166666667,0.0,0.0,0.0,0,1536,30.0,1.1481479056884358,19.55368417551437,0.6143042964324987,1.6951669506322204,20210408100028Apr8_10_00_fasting.csv,S1,fasting,Well Hydrated,6.174444444444444,348,267264,268800
353.0442708333333,169.95035738258747,169.95035738258747,0.35456801796477955,21.274081077886773,50.27359021163973,127.72172048576248,42.857142857142854,71,review_rr_rejections,,0.6571428571428571,True,0.09830729166666667,0.0,0.0,0.0,0,1536,30.0,1.2192067312108064,21.1001109807246,2.7480680875528,1.791756170180549,20210408100028Apr8_10_00_fasting.csv,S1,fasting,Well Hydrated,6.174444444444444,349,268032,269568
358.32886904761904,167.44394656079604,167.44394656079604,0.1331026221216558,7.986157327299348,66.16927570160505,134.08346927075837,66.66666666666666,72,review_rr_rejections,,0.704225352112676,True,0.0,0.0,0.0,0.0,0,1536,30.0,0.37503616669318757,22.117186038772687,0.26621744595856484,2.2125615071142453,20210408100028Apr8_10_00_fasting.csv,S1,fasting,Well Hydrated,6.174444444444444,350,268800,270336
404.4342105263161,148.35540228389226,148.35540228389226,0.26062027625749284,15.637216575449571,64.79570961394667,124.95220257821131,60.0,78,review_rr_rejections,,0.7532467532467533,True,0.0,0.0,0.0,0.0,0,1536,30.0,0.33416782315858384,21.285626921577826,0.19243511891319995,2.186804533458112,20210408100028Apr8_10_00_fasting.csv,S1,fasting,Well Hydrated,6.174444444444444,351,269568,271104
419.60937500000017,142.9901321913982,142.9901321913982,0.2981959147159684,17.891754882958104,40.51776712906435,131.72009563369573,50.0,71,review_rr_rejections,,0.7714285714285715,True,0.119140625,0.0,0.0,0.0,0,1536,30.0,1.8082171975703882,21.584709090931728,1.4141324195859915,1.6930770207437165,20210408100028Apr8_10_00_fasting.csv,S1,fasting,Well Hydrated,6.174444444444444,352,270336,271872
386.5767045454543,155.20852471063762,155.20852471063762,0.2354603249352484,14.127619496114905,,152.78101690676803,,70,insufficient_valid_beats,Mean of empty slice.; Degrees of freedom <= 0 for slice,0.8405797101449275,False,0.119140625,0.0,0.0,0.0,0,1536,30.0,1.76292566359266,22.262665975065342,1.1072663595003578,2.202072270711629,20210408100028Apr8_10_00_fasting.csv,S1,fasting,Well Hydrated,6.174444444444444,353,271104,272640
456.47991071428544,131.4406145631116,131.4406145631116,0.3132832080200501,18.796992481203006,3.000000000000796,146.04859577553427,0.0,70,review_rr_rejections,,0.7971014492753623,True,0.08138020833333333,0.0,0.0,0.0,0,1536,30.0,1.3912191069973108,21.902436330556057,0.4692423740561856,2.136487172809333,20210408100028Apr8_10_00_fasting.csv,S1,fasting,Well Hydrated,6.174444444444444,354,271872,273408
384.64062499999994,155.98976317179188,155.98976317179188,0.28930999566035004,17.358599739621003,28.099762982763952,156.74594460865205,0.0,71,review_rr_rejections,,0.7428571428571429,True,0.2916666666666667,0.0,0.0,0.0,0,1536,30.0,3.5068558764929265,22.71458299876043,1.8997746937917424,2.013905780885387,20210408100028Apr8_10_00_fasting.csv,S1,fasting,Well Hydrated,6.174444444444444,355,272640,274176
428.25240384615387,140.1042923778999,140.1042923778999,0.3597122302158273,21.58273381294964,10.999999999999886,184.08408578759634,0.0,64,review_rr_rejections,,0.7936507936507936,True,0.5,0.0,0.0,0.0,0,1536,30.0,7.018955718632065,23.150825880700935,1.1842202880361061,2.1132545646962457,20210408100028Apr8_10_00_fasting.csv,S1,fasting,Well Hydrated,6.174444444444444,356,273408,274944
462.3843749999998,129.76217027229785,129.76217027229785,0.2164970772894566,12.989824637367397,,165.7159255428264,,64,insufficient_valid_beats,Mean of empty slice.; Degrees of freedom <= 0 for slice,0.8412698412698413,False,0.3385416666666667,0.0,0.0,0.0,0,1536,30.0,5.588195984865781,22.81473864899533,0.4361313934337449,1.8928539683436205,20210408100028Apr8_10_00_fasting.csv,S1,fasting,Well Hydrated,6.174444444444444,357,274176,275712
379.1207386363636,158.26092820933604,158.26092820933604,0.24012486492976345,14.407491895785807,30.603749004410375,151.77149668705152,0.0,79,review_rr_rejections,,0.717948717948718,True,0.048828125,0.0,0.0,0.0,0,1536,30.0,1.1480311351888217,22.997630046036743,0.07886640432259732,2.1990035302472517,20210408100028Apr8_10_00_fasting.csv,S1,fasting,Well Hydrated,6.174444444444444,358,274944,276480
314.6458333333335,190.69059127325687,190.69059127325687,0.15160703456640387,9.096422073984233,26.270555567854824,101.30303226694795,0.0,81,review_rr_rejections,,0.7375,True,0.024088541666666668,0.0,0.0,0.0,0,1536,30.0,0.7292035468849521,22.987834223510728,0.28043944038601537,1.211219036729111,20210408100028Apr8_10_00_fasting.csv,S1,fasting,Well Hydrated,6.174444444444444,359,275712,277248
338.93945312499943,177.02276747898173,177.02276747898173,0.1847063169560399,11.082379017362394,12.453379859374357,112.11672584173303,0.0,69,review_rr_rejections,,0.7647058823529411,True,0.2682291666666667,0.0,0.0,0.0,0,1536,30.0,2.8276799558286925,24.601551375506393,2.568053455706226,1.8782241193377487,20210408100028Apr8_10_00_fasting.csv,S1,fasting,Well Hydrated,6.174444444444444,360,276480,278016
405.5156250000001,147.9597734365969,147.9597734365969,0.3087849312953528,18.527095877721166,43.44641601390243,144.22150000763762,25.0,67,review_rr_rejections,,0.7575757575757576,True,0.2591145833333333,0.0,0.0,0.0,0,1536,30.0,2.6769014676686407,25.84884440047247,0.5861284198694198,1.965015823547215,20210408100028Apr8_10_00_fasting.csv,S1,fasting,Well Hydrated,6.174444444444444,361,277248,278784
521.5666666666665,115.03802645874612,115.03802645874612,0.1279754287176862,7.678525723061171,103.71926314274985,189.12387669949834,75.0,59,review_rr_rejections,,0.7413793103448276,True,0.23502604166666666,0.0,0.0,0.0,0,1536,30.0,3.5509802226009217,24.555966439312215,2.4443278430340407,2.022107443510077,20210408100028Apr8_10_00_fasting.csv,S1,fasting,Well Hydrated,6.174444444444444,362,278016,279552
380.75551470588226,157.58143397173774,157.58143397173774,0.3094059405940594,18.564356435643564,36.36901932148451,166.51339885588789,0.0,68,review_rr_rejections,,0.746268656716418,True,0.3626302083333333,0.0,0.0,0.0,0,1536,30.0,5.255581678129938,23.205740602611645,1.6705429360783726,1.8814567521626941,20210408100028Apr8_10_00_fasting.csv,S1,fasting,Well Hydrated,6.174444444444444,363,278784,280320
396.93206521739137,151.1593677047463,151.1593677047463,0.32909170688898637,19.74550241333918,43.12745916901461,137.83435036165946,20.0,70,review_rr_rejections,,0.6666666666666666,True,0.609375,0.0,0.0,0.0,0,1536,30.0,8.244228118555348,22.52841700859999,0.92366178048924,2.0624007526412007,20210408100028Apr8_10_00_fasting.csv,S1,fasting,Well Hydrated,6.174444444444444,364,279552,281088
440.70833333333314,136.1444644038953,136.1444644038953,0.30298439630359036,18.179063778215422,17.464249196572492,150.68883142068128,0.0,62,review_rr_rejections,,0.7540983606557377,True,0.8151041666666666,0.0,0.0,0.0,0,1536,30.0,11.896264733462688,21.068665387959296,1.363477348517404,1.9567924725275219,20210408100028Apr8_10_00_fasting.csv,S1,fasting,Well Hydrated,6.174444444444444,365,280320,281856
374.4140624999997,160.25039123630685,160.25039123630685,0.3343922420999833,20.063534525999,55.062730561378515,143.6883021892711,33.33333333333333,69,review_rr_rejections,,0.7647058823529411,True,0.5130208333333334,0.0,0.0,0.0,0,1536,30.0,8.17740688497013,20.43288895011078,1.1091358403292244,2.155661470857726,20210408100028Apr8_10_00_fasting.csv,S1,fasting,Well Hydrated,6.174444444444444,366,281088,282624
343.5130208333332,174.6658681363668,174.6658681363668,0.24307243558580457,14.584346135148275,5.000000000000568,121.10369815207507,0.0,64,review_rr_rejections,,0.8095238095238095,True,0.5546875,0.0,0.0,0.0,0,1536,30.0,5.972792619008676,20.614490834779144,1.0488188423939688,2.1551522603353455,20210408100028Apr8_10_00_fasting.csv,S1,fasting,Well Hydrated,6.174444444444444,367,281856,283392
406.84151785714306,147.4775738622335,147.4775738622335,0.17580872011251758,10.548523206751055,71.23089450534077,137.60805639680962,50.0,67,review_rr_rejections,,0.7878787878787878,True,0.4420572916666667,0.0,0.0,0.0,0,1536,30.0,4.13633108853057,19.73918230301503,0.9406418777721072,2.271263488243843,20210408100028Apr8_10_00_fasting.csv,S1,fasting,Well Hydrated,6.174444444444444,368,282624,284160
444.2088815789473,135.07159016435935,135.07159016435935,0.11863803535413453,7.118282121248072,53.25996413157626,145.26090766799135,25.0,75,review_rr_rejections,,0.7432432432432432,True,0.11783854166666667,0.0,0.0,0.0,0,1536,30.0,1.4784064697517791,19.523887549247007,0.6609130577295429,2.1217712996161846,20210408100028Apr8_10_00_fasting.csv,S1,fasting,Well Hydrated,6.174444444444444,369,283392,284928
425.0449999999999,141.1615240739216,141.1615240739216,0.2825923134890731,16.955538809344386,52.359929868741816,124.67658852005877,25.0,74,review_rr_rejections,,0.6575342465753424,True,0.06575520833333333,0.0,0.0,0.0,0,1536,30.0,0.9178589954142867,20.019472066319004,0.2662406621587728,1.585887403203635,20210408100028Apr8_10_00_fasting.csv,S1,fasting,Well Hydrated,6.174444444444444,370,284160,285696
402.66903409090884,149.00574645740963,149.00574645740963,0.33905967450271246,20.34358047016275,61.25472053450562,133.26804150255865,50.0,75,review_rr_rejections,,0.7027027027027027,True,0.15494791666666666,0.0,0.0,0.0,0,1536,30.0,2.0136575357902564,20.472823508607622,1.5256852941280243,1.4065161736131107,20210408100028Apr8_10_00_fasting.csv,S1,fasting,Well Hydrated,6.174444444444444,371,284928,286464
473.62946428571405,126.68130790909868,126.68130790909868,0.15098897780462026,9.059338668277215,59.75516289148178,163.76666646762504,60.0,66,review_rr_rejections,,0.7846153846153846,True,0.517578125,0.0,0.0,0.0,0,1536,30.0,5.260819159231851,21.28376250042719,1.9899261235446726,2.0364714427489257,20210408100028Apr8_10_00_fasting.csv,S1,fasting,Well Hydrated,6.174444444444444,372,285696,287232
412.67187500000006,145.39396463594713,145.39396463594713,0.3032600454890068,18.195602729340408,41.132448847767584,110.25035375421548,28.57142857142857,69,review_rr_rejections,,0.7647058823529411,True,0.5846354166666666,0.0,0.0,0.0,0,1536,30.0,5.765076532983993,20.605471178702444,2.162470065721139,1.7875794631106368,20210408100028Apr8_10_00_fasting.csv,S1,fasting,Well Hydrated,6.174444444444444,373,286464,288000
376.9930555555554,159.15412529703252,159.15412529703252,0.14757969303423848,8.85478158205431,46.7851465199777,100.00624142607585,33.33333333333333,75,review_rr_rejections,,0.7567567567567568,True,0.318359375,0.0,0.0,0.0,0,1536,30.0,3.6305820907589634,19.126795228048497,0.7745651378944132,1.7311758292832797,20210408100028Apr8_10_00_fasting.csv,S1,fasting,Well Hydrated,6.174444444444444,374,287232,288768
387.8551136363636,154.69694195202345,154.69694195202345,0.11734334663224595,7.040600797934757,47.74742098729092,113.76634402181223,60.0,76,review_rr_rejections,,0.7066666666666667,True,0.09635416666666667,0.0,0.0,0.0,0,1536,30.0,1.581913339651156,21.704082067031408,9.078150036734561,1.2711881271361376,20210408100028Apr8_10_00_fasting.csv,S1,fasting,Well Hydrated,6.174444444444444,375,288000,289536
451.35855263157924,132.93201081530168,132.93201081530168,0.3502626970227671,21.015761821366024,56.454543470968474,118.40818549887231,75.0,66,review_rr_rejections,,0.7076923076923077,True,0.3502604166666667,0.0,0.0,0.0,0,1536,30.0,7.731230034598249,23.40639563944536,3.196124540379056,1.7332674940171957,20210408100028Apr8_10_00_fasting.csv,S1,fasting,Well Hydrated,6.174444444444444,376,288768,290304
447.4540441176471,134.0919828276811,134.0919828276811,0.26322716504343247,15.793629902605948,76.12500000000023,145.98951677117978,100.0,63,review_rr_rejections,,0.7258064516129032,True,0.7239583333333334,0.0,0.0,0.0,0,1536,30.0,12.71736213053749,21.21779881934032,2.7638212435597693,2.088556245288699,20210408100028Apr8_10_00_fasting.csv,S1,fasting,Well Hydrated,6.174444444444444,377,289536,291072
486.0808823529413,123.43624729605031,123.43624729605031,0.24221872350732712,14.533123410439627,82.67521875915978,129.99940966831775,100.0,61,review_rr_rejections,,0.7166666666666667,True,0.857421875,0.0,0.0,0.0,0,1536,30.0,11.326040313225578,19.340410538532566,2.182101026046876,2.1735044942626733,20210408100028Apr8_10_00_fasting.csv,S1,fasting,Well Hydrated,6.174444444444444,378,290304,291840
458.4797794117643,130.8672763649049,130.8672763649049,0.256871307474955,15.4122784484973,84.04280380314414,146.97872977444513,100.0,59,review_rr_rejections,"
The maximal number of iterations maxit (set to 20 by the program)
allowed for finding a smoothing spline with fp=s has been reached: s
too small.
There is an approximation returned but the corresponding weighted sum
of squared residuals does not satisfy the condition abs(fp-s)/s < tol.",0.7068965517241379,True,0.8782552083333334,0.0,0.0,0.0,0,1536,30.0,9.801719765388668,19.173200950824008,2.093800365745602,2.116598493803394,20210408100028Apr8_10_00_fasting.csv,S1,fasting,Well Hydrated,6.174444444444444,379,291072,292608
431.05882352941154,139.19213973799134,139.19213973799134,0.2732987154960371,16.397922929762228,44.24449614870904,156.76167612746582,25.0,63,review_rr_rejections,,0.7258064516129032,True,0.8274739583333334,0.0,0.0,0.0,0,1536,30.0,10.000226312381947,19.112790708862168,2.0798711717382674,2.016705875823255,20210408100028Apr8_10_00_fasting.csv,S1,fasting,Well Hydrated,6.174444444444444,380,291840,293376
426.7640625000002,140.5929066485067,140.5929066485067,0.23463162834350068,14.077897700610041,50.845262538964384,146.52753929875823,16.666666666666664,64,review_rr_rejections,,0.6825396825396826,True,0.5149739583333334,0.0,0.0,0.0,0,1536,30.0,7.85532551472119,18.730540422044317,2.486691224045396,2.0221676304568077,20210408100028Apr8_10_00_fasting.csv,S1,fasting,Well Hydrated,6.174444444444444,381,292608,294144
391.35763888888874,153.31245397521099,153.31245397521099,0.2842928216062544,17.057569296375263,41.73144313768936,139.62338442122623,33.33333333333333,71,review_rr_rejections,,0.7428571428571429,True,0.16145833333333334,0.0,0.0,0.0,0,1536,30.0,2.9024934570085805,18.494145784278228,2.1566809580614126,1.884364659735,20210408100028Apr8_10_00_fasting.csv,S1,fasting,Well Hydrated,6.174444444444444,382,293376,294912
,,,,,,,,0,timing_gap,,,False,0.3333333333333333,0.0,0.0,0.0,1,1536,30.0,4.662529056666943,18.478433511293776,1.0714491019179626,1.8897471015608518,20210408100028Apr8_10_00_fasting.csv,S1,fasting,Well Hydrated,6.174444444444444,383,294144,295680
,,,,,,,,0,timing_gap,,,False,0.3860677083333333,0.0,0.0,0.0,1,1536,30.0,4.447845336820399,20.086273409574606,1.5711566808146504,2.0710913216905626,20210408100028Apr8_10_00_fasting.csv,S1,fasting,Well Hydrated,6.174444444444444,384,294912,296448
331.3675595238092,181.0678151060497,181.0678151060497,0.2879355024474518,17.27613014684711,31.47508669708825,81.03601280052327,0.0,76,review_rr_rejections,,0.72,True,0.13216145833333334,0.0,0.0,0.0,0,1536,30.0,1.3903767565331921,19.958059375034207,1.4731378652269698,2.2012274721255434,20210408100028Apr8_10_00_fasting.csv,S1,fasting,Well Hydrated,6.174444444444444,385,295680,297216
305.24479166666646,196.56355042912975,196.56355042912975,0.27359781121751026,16.415868673050614,29.41791800484084,93.73826300950924,0.0,78,review_rr_rejections,"
The maximal number of iterations maxit (set to 20 by the program)
allowed for finding a smoothing spline with fp=s has been reached: s
too small.
There is an approximation returned but the corresponding weighted sum
of squared residuals does not satisfy the condition abs(fp-s)/s < tol.",0.6883116883116883,True,0.0,0.0,0.0,0.0,0,1536,30.0,0.584289320544126,18.289167117391855,0.5831328121569478,2.0244984326341653,20210408100028Apr8_10_00_fasting.csv,S1,fasting,Well Hydrated,6.174444444444444,386,296448,297984
301.40217391304327,199.0695661581739,199.0695661581739,0.14455044810638912,8.673026886383347,20.025547918709087,117.34430426124962,0.0,78,review_rr_rejections,"
The maximal number of iterations maxit (set to 20 by the program)
allowed for finding a smoothing spline with fp=s has been reached: s
too small.
There is an approximation returned but the corresponding weighted sum
of squared residuals does not satisfy the condition abs(fp-s)/s < tol.",0.7012987012987013,True,0.0,0.0,0.0,0.0,0,1536,30.0,0.5299947468181513,17.55589785929047,0.050747452961589334,2.182460405480713,20210408100028Apr8_10_00_fasting.csv,S1,fasting,Well Hydrated,6.174444444444444,387,297216,298752
317.0537500000002,189.24236032533904,189.24236032533904,0.3792188092529389,22.753128555176332,43.828123452663846,103.56475311369238,22.22222222222222,82,review_rr_rejections,,0.691358024691358,True,0.0,0.0,0.0,0.0,0,1536,30.0,0.44729191982619443,17.464144450727478,0.06544569930028095,2.1802067417718467,20210408100028Apr8_10_00_fasting.csv,S1,fasting,Well Hydrated,6.174444444444444,388,297984,299520
320.17299107142856,187.39869281045753,187.39869281045753,0.3352704514975413,20.11622708985248,47.57450981749602,104.84643102615271,25.0,84,review_rr_rejections,,0.6626506024096386,True,0.04296875,0.0,0.0,0.0,0,1536,30.0,0.5674509449475563,17.426272688002214,0.06940976070316773,2.248364686850031,20210408100028Apr8_10_00_fasting.csv,S1,fasting,Well Hydrated,6.174444444444444,389,298752,300288
333.73958333333314,179.780892037829,179.780892037829,0.22234574763757642,13.340744858254585,33.34156982387416,105.14780265036,12.5,81,review_rr_rejections,,0.6625,True,0.04296875,0.0,0.0,0.0,0,1536,30.0,0.5822046865731155,17.335630860195042,0.042200707773956674,2.017970236168016,20210408100028Apr8_10_00_fasting.csv,S1,fasting,Well Hydrated,6.174444444444444,390,299520,301056
351.19110576923083,170.84715134963085,170.84715134963085,0.10969723562966213,6.581834137779728,42.462762294046115,109.88466327142675,37.5,78,review_rr_rejections,,0.6623376623376623,True,0.0,0.0,0.0,0.0,0,1536,30.0,0.4216675236037959,17.057019170358217,0.0977099491978854,2.1299070157590583,20210408100028Apr8_10_00_fasting.csv,S1,fasting,Well Hydrated,6.174444444444444,391,300288,301824
331.28385416666646,181.1135654374947,181.1135654374947,0.12600806451612903,7.560483870967742,49.317514993723705,119.79286251101479,50.0,79,review_rr_rejections,,0.6923076923076923,True,0.17903645833333334,0.0,0.0,0.0,0,1536,30.0,1.3059264723769057,16.68972788214009,0.3695447493178015,1.6703682127823212,20210408100028Apr8_10_00_fasting.csv,S1,fasting,Well Hydrated,6.174444444444444,392,301056,302592
311.50892857142844,192.61085155779767,192.61085155779767,0.1531628120692296,9.189768724153776,43.36123025310185,85.86114689441675,40.0,80,review_rr_rejections,,0.7341772151898734,True,0.17903645833333334,0.0,0.0,0.0,0,1536,30.0,1.323576867675091,17.15007094043507,0.9720648420295611,2.0778807113700886,20210408100028Apr8_10_00_fasting.csv,S1,fasting,Well Hydrated,6.174444444444444,393,301824,303360
294.8125,203.51918592325632,203.51918592325632,0.16186468112657817,9.71188086759469,36.47928341524299,83.06104716293646,33.33333333333333,82,review_rr_rejections,,0.7407407407407407,True,0.0,0.0,0.0,0.0,0,1536,30.0,0.44163821336591563,17.36288378305806,0.468493319825477,1.9370593495709716,20210408100028Apr8_10_00_fasting.csv,S1,fasting,Well Hydrated,6.174444444444444,394,302592,304128
331.8843750000002,180.78585350696298,180.78585350696298,0.3018867924528302,18.11320754716981,35.672624417226636,109.73499821836465,25.0,83,review_rr_rejections,,0.7560975609756098,True,0.0,0.0,0.0,0.0,0,1536,30.0,0.44809008936088696,16.591446269000603,0.20954633728243874,2.1924657651859842,20210408100028Apr8_10_00_fasting.csv,S1,fasting,Well Hydrated,6.174444444444444,395,303360,304896
339.13486842105203,176.92076394075514,176.92076394075514,0.46634540649774603,27.98072438986476,44.38535035540312,106.83269161641961,25.0,78,review_rr_rejections,"
The maximal number of iterations maxit (set to 20 by the program)
allowed for finding a smoothing spline with fp=s has been reached: s
too small.
There is an approximation returned but the corresponding weighted sum
of squared residuals does not satisfy the condition abs(fp-s)/s < tol.",0.7532467532467533,True,0.0,0.0,0.0,0.0,0,1536,30.0,0.41007655298005424,15.887040339149367,0.13459568161999266,2.050940609937482,20210408100028Apr8_10_00_fasting.csv,S1,fasting,Well Hydrated,6.174444444444444,396,304128,305664
314.3632812499998,190.8619854119812,190.8619854119812,0.2655689815429558,15.934138892577346,37.78822697158909,81.48560632084433,20.0,76,review_rr_rejections,"
The maximal number of iterations maxit (set to 20 by the program)
allowed for finding a smoothing spline with fp=s has been reached: s
too small.
There is an approximation returned but the corresponding weighted sum
of squared residuals does not satisfy the condition abs(fp-s)/s < tol.",0.68,True,0.21744791666666666,0.0,0.0,0.0,0,1536,30.0,2.7370990655250043,15.78573249898229,0.20555222032321951,1.5566282250289682,20210408100028Apr8_10_00_fasting.csv,S1,fasting,Well Hydrated,6.174444444444444,397,304896,306432
324.01785714285705,185.17497933314968,185.17497933314968,0.22079929344226099,13.247957606535659,42.537268502428084,78.3518120231143,36.36363636363637,79,review_rr_rejections,,0.6410256410256411,True,0.43359375,0.0,0.0,0.0,0,1536,30.0,3.6122383964938156,17.822513395295296,3.9481303778464487,1.9418581192082414,20210408100028Apr8_10_00_fasting.csv,S1,fasting,Well Hydrated,6.174444444444444,398,305664,307200
327.02624999999995,183.471510314539,183.471510314539,0.12247397428046539,7.348438456827923,46.61750421481971,88.23470772250035,60.0,80,review_rr_rejections,,0.6835443037974683,True,0.21614583333333334,0.0,0.0,0.0,0,1536,30.0,1.2784587427253558,19.278198994471037,0.7106654027981035,1.9656644113753505,20210408100028Apr8_10_00_fasting.csv,S1,fasting,Well Hydrated,6.174444444444444,399,306432,307968
332.38051470588243,180.51599701352205,180.51599701352205,0.35454706612302783,21.27282396738167,27.30603202161889,109.69310371730687,0.0,75,review_rr_rejections,,0.7702702702702703,True,0.14518229166666666,0.0,0.0,0.0,0,1536,30.0,0.7304797779463413,19.155917872652918,0.2734144127309886,2.210283023741795,20210408100028Apr8_10_00_fasting.csv,S1,fasting,Well Hydrated,6.174444444444444,400,307200,308736
410.5225694444446,146.15517992396204,146.15517992396204,0.1355197181189863,8.131183087139178,46.733032933755545,148.6707132900967,20.0,72,review_rr_rejections,"
The maximal number of iterations maxit (set to 20 by the program)
allowed for finding a smoothing spline with fp=s has been reached: s
too small.
There is an approximation returned but the corresponding weighted sum
of squared residuals does not satisfy the condition abs(fp-s)/s < tol.",0.7464788732394366,True,0.20377604166666666,0.0,0.0,0.0,0,1536,30.0,0.8618474247124768,19.15994299407664,0.16625871777788748,2.238095991620465,20210408100028Apr8_10_00_fasting.csv,S1,fasting,Well Hydrated,6.174444444444444,401,307968,309504
433.53124999999983,138.39832768687384,138.39832768687384,0.15396458814472672,9.237875288683602,3.531250000000057,144.12767009307524,0.0,70,review_rr_rejections,"
The maximal number of iterations maxit (set to 20 by the program)
allowed for finding a smoothing spline with fp=s has been reached: s
too small.
There is an approximation returned but the corresponding weighted sum
of squared residuals does not satisfy the condition abs(fp-s)/s < tol.",0.782608695652174,True,0.09440104166666667,0.0,0.0,0.0,0,1536,30.0,0.633839905677051,19.63933410329592,0.6066091341411536,2.000702011255921,20210408100028Apr8_10_00_fasting.csv,S1,fasting,Well Hydrated,6.174444444444444,402,308736,310272
345.1464843749999,173.83923266276213,173.83923266276213,0.18135654697134565,10.88139281828074,18.079266115671643,120.87967706762107,0.0,75,review_rr_rejections,,0.7837837837837838,True,0.061197916666666664,0.0,0.0,0.0,0,1536,30.0,0.5779715677357745,20.33318066921238,0.09218268677339236,1.7107456882066518,20210408100028Apr8_10_00_fasting.csv,S1,fasting,Well Hydrated,6.174444444444444,403,309504,311040
383.2573529411764,156.55276941081675,156.55276941081675,0.15365703749231716,9.21942224953903,18.079266115670716,139.95584195985433,0.0,72,review_rr_rejections,,0.7605633802816901,True,0.22265625,0.0,0.0,0.0,0,1536,30.0,2.0533556804305073,20.333846995188505,0.3286630540599392,1.843802874087128,20210408100028Apr8_10_00_fasting.csv,S1,fasting,Well Hydrated,6.174444444444444,404,310272,311808
,,,,,,,,0,timing_gap,,,False,0.271484375,0.0,0.0,0.0,1,1536,30.0,2.15167847138737,19.847265129350173,0.7622247745688345,1.9756365714840927,20210408100028Apr8_10_00_fasting.csv,S1,fasting,Well Hydrated,6.174444444444444,405,311040,312576
,,,,,,,,0,timing_gap,,,False,0.28515625,0.0,0.0,0.0,1,1536,30.0,3.563880456812339,19.967991903171463,0.9918253610380056,2.1202706219801493,20210408100028Apr8_10_00_fasting.csv,S1,fasting,Well Hydrated,6.174444444444444,406,311808,313344
397.8609375000002,150.8064611143183,150.8064611143183,0.25163563160543534,15.09813789632612,66.24570052872673,114.41317347725614,66.66666666666666,65,review_rr_rejections,,0.6875,True,0.470703125,0.0,0.0,0.0,0,1536,30.0,5.907005988782552,19.756204487233497,1.2670089331180068,2.05196976865111,20210408100028Apr8_10_00_fasting.csv,S1,fasting,Well Hydrated,6.174444444444444,407,312576,314112
454.4926470588233,132.01533707592506,132.01533707592506,0.25910091980826533,15.54605518849592,53.473516736675236,145.78636703293682,33.33333333333333,63,review_rr_rejections,,0.7258064516129032,True,0.5026041666666666,0.0,0.0,0.0,0,1536,30.0,5.139580807610874,18.381855913666488,1.7303548510437559,1.9006241150495646,20210408100028Apr8_10_00_fasting.csv,S1,fasting,Well Hydrated,6.174444444444444,408,313344,314880
399.3419117647061,150.24718976993393,150.24718976993393,0.2949417490045716,17.696504940274295,48.269287892466956,118.51209550930605,33.33333333333333,71,review_rr_rejections,,0.7571428571428571,True,0.4264322916666667,0.0,0.0,0.0,0,1536,30.0,4.315930081199693,19.691844217335543,4.780102787810148,1.9613323095763124,20210408100028Apr8_10_00_fasting.csv,S1,fasting,Well Hydrated,6.174444444444444,409,314112,315648
398.8668478260869,150.42613926680886,150.42613926680886,0.32747516646654296,19.648509987992576,47.93207939878169,133.64141144383234,42.857142857142854,73,review_rr_rejections,,0.6805555555555556,True,0.18359375,0.0,0.0,0.0,0,1536,30.0,2.335165101269617,22.008537955638,0.4099250003704145,1.8805181281944945,20210408100028Apr8_10_00_fasting.csv,S1,fasting,Well Hydrated,6.174444444444444,410,314880,316416
380.650568181818,157.62487965430006,157.62487965430006,0.2391772303276728,14.350633819660368,34.106502541671134,102.87223570151602,20.0,80,review_rr_rejections,,0.7215189873417721,True,0.0,0.0,0.0,0.0,0,1536,30.0,0.6223850648778383,22.34598426919184,0.07343865163673616,1.8660653588742806,20210408100028Apr8_10_00_fasting.csv,S1,fasting,Well Hydrated,6.174444444444444,411,315648,317184
407.8731617647056,147.10455510336539,147.10455510336539,0.43327556325823224,25.996533795493935,71.5937500000008,137.57073317300018,100.0,70,review_rr_rejections,,0.7536231884057971,True,0.17513020833333334,0.0,0.0,0.0,0,1536,30.0,2.226408808419592,21.586197996375365,2.0317743372005577,0.6385706027351432,20210408100028Apr8_10_00_fasting.csv,S1,fasting,Well Hydrated,6.174444444444444,412,316416,317952
543.4041666666669,110.41505325226001,110.41505325226001,0.24560972614515533,14.73658356870932,,130.45799455002327,,63,insufficient_valid_beats,Mean of empty slice.; Degrees of freedom <= 0 for slice,0.7580645161290323,False,0.17903645833333334,0.0,0.0,0.0,0,1536,30.0,2.296391472692762,20.674918376470703,2.303341114778703,1.9376640094812045,20210408100028Apr8_10_00_fasting.csv,S1,fasting,Well Hydrated,6.174444444444444,413,317184,318720
341.00694444444423,175.9494959780064,175.9494959780064,0.1631587534671235,9.78952520802741,29.19637846763005,114.42758759729759,20.0,76,review_rr_rejections,,0.76,True,0.00390625,0.0,0.0,0.0,0,1536,30.0,0.6522523229713822,19.805355287594736,0.9705232905868133,2.0106450802149745,20210408100028Apr8_10_00_fasting.csv,S1,fasting,Well Hydrated,6.174444444444444,414,317952,319488
339.24999999999983,176.86072218128234,176.86072218128234,0.1405678942929435,8.43407365757661,32.75388365570163,102.11785343211704,25.0,79,review_rr_rejections,,0.7307692307692307,True,0.16666666666666666,0.0,0.0,0.0,0,1536,30.0,1.8851754426953686,19.816659634628117,1.851033276740485,1.9867547618878973,20210408100028Apr8_10_00_fasting.csv,S1,fasting,Well Hydrated,6.174444444444444,415,318720,320256
331.14843749999994,181.18762828225638,181.18762828225638,0.3024345985180705,18.14607591108423,48.50540099598547,108.44949135562125,50.0,79,review_rr_rejections,,0.7435897435897436,True,0.16666666666666666,0.0,0.0,0.0,0,1536,30.0,1.7354000845182496,21.966464821626516,3.9322028357063163,1.9133636549254354,20210408100028Apr8_10_00_fasting.csv,S1,fasting,Well Hydrated,6.174444444444444,416,319488,321024
310.1024999999996,193.48441241202528,193.48441241202528,0.25839793281653745,15.503875968992247,45.44017572933098,115.41594936901049,33.33333333333333,83,review_rr_rejections,,0.6951219512195121,True,0.0,0.0,0.0,0.0,0,1536,30.0,0.3544302776931119,23.734121594195926,0.09287913918037101,1.9414615384905256,20210408100028Apr8_10_00_fasting.csv,S1,fasting,Well Hydrated,6.174444444444444,417,320256,321792
312.86513157894717,191.7759249718751,191.7759249718751,0.16852039096730703,10.111223458038422,35.684568481829906,107.55492833062738,0.0,82,review_rr_rejections,"
The maximal number of iterations maxit (set to 20 by the program)
allowed for finding a smoothing spline with fp=s has been reached: s
too small.
There is an approximation returned but the corresponding weighted sum
of squared residuals does not satisfy the condition abs(fp-s)/s < tol.",0.7654320987654321,True,0.0,0.0,0.0,0.0,0,1536,30.0,0.24276120819444205,23.96230090664004,0.03299058074180559,2.209601234445575,20210408100028Apr8_10_00_fasting.csv,S1,fasting,Well Hydrated,6.174444444444444,418,321024,322560
349.5585937499993,171.6450434141275,171.6450434141275,0.1790830945558739,10.744985673352435,57.21021293039961,147.51344279439004,33.33333333333333,73,review_rr_rejections,,0.7777777777777778,True,0.30859375,0.0,0.0,0.0,0,1536,30.0,3.397079257354586,22.851278384305147,2.250174626671791,1.9466350258130367,20210408100028Apr8_10_00_fasting.csv,S1,fasting,Well Hydrated,6.174444444444444,419,321792,323328
387.26470588235316,154.93278651173378,154.93278651173378,0.1520912547528517,9.125475285171103,45.911773550156155,136.84491053806428,33.33333333333333,66,review_rr_rejections,"
The maximal number of iterations maxit (set to 20 by the program)
allowed for finding a smoothing spline with fp=s has been reached: s
too small.
There is an approximation returned but the corresponding weighted sum
of squared residuals does not satisfy the condition abs(fp-s)/s < tol.",0.7384615384615385,True,0.5774739583333334,0.0,0.0,0.0,0,1536,30.0,5.033383903295813,22.103331245399087,1.26867964898677,2.089708958029524,20210408100028Apr8_10_00_fasting.csv,S1,fasting,Well Hydrated,6.174444444444444,420,322560,324096
388.3250000000001,154.50975342818512,154.50975342818512,0.25786487880350695,15.471892728210417,49.81717061698076,130.17002155534425,33.33333333333333,74,review_rr_rejections,,0.726027397260274,True,0.294921875,0.0,0.0,0.0,0,1536,30.0,2.0283271303767525,22.236423952496338,0.2730134119282937,1.8513953397029141,20210408100028Apr8_10_00_fasting.csv,S1,fasting,Well Hydrated,6.174444444444444,421,323328,324864
395.223684210526,151.81276425741598,151.81276425741598,0.26670222696359513,16.00213361781571,56.069691480640856,158.77728483119787,50.0,75,review_rr_rejections,,0.7432432432432432,True,0.026041666666666668,0.0,0.0,0.0,0,1536,30.0,0.4291420995886704,21.749429012588347,0.08792480340511129,2.2201115978066372,20210408100028Apr8_10_00_fasting.csv,S1,fasting,Well Hydrated,6.174444444444444,422,324096,325632
381.82904411764673,157.1383867318202,157.1383867318202,0.1542971763616726,9.257830581700356,61.535074792251834,138.8379532597434,66.66666666666666,77,review_rr_rejections,"
The maximal number of iterations maxit (set to 20 by the program)
allowed for finding a smoothing spline with fp=s has been reached: s
too small.
There is an approximation returned but the corresponding weighted sum
of squared residuals does not satisfy the condition abs(fp-s)/s < tol.",0.7763157894736842,True,0.0,0.0,0.0,0.0,0,1536,30.0,0.28304460053964203,21.139549932658237,0.22976679790032417,2.1858587063065382,20210408100028Apr8_10_00_fasting.csv,S1,fasting,Well Hydrated,6.174444444444444,423,324864,326400
348.6625000000003,172.08618649840446,172.08618649840446,0.14367816091954022,8.620689655172413,64.12499999999932,108.53457272483476,100.0,79,review_rr_rejections,,0.7435897435897436,True,0.0,0.0,0.0,0.0,0,1536,30.0,0.23633474914329108,20.385817898731776,0.20918851105376213,2.1581918377477622,20210408100028Apr8_10_00_fasting.csv,S1,fasting,Well Hydrated,6.174444444444444,424,325632,327168
372.8651315789475,160.9160924914645,160.9160924914645,0.28276544606249115,16.96592676374947,41.144087515705955,127.12492198924697,33.33333333333333,74,review_rr_rejections,,0.7397260273972602,True,0.16731770833333334,0.0,0.0,0.0,0,1536,30.0,1.3804621607480538,19.869993541379817,0.36981724442301256,1.0669858111119295,20210408100028Apr8_10_00_fasting.csv,S1,fasting,Well Hydrated,6.174444444444444,425,326400,327936
400.16176470588255,149.9393627577082,149.9393627577082,0.2944640753828033,17.667844522968196,41.144087515705024,126.60132948076671,33.33333333333333,70,review_rr_rejections,,0.7536231884057971,True,0.232421875,0.0,0.0,0.0,0,1536,30.0,1.8616139113298422,19.74329524641686,0.44835473791071045,1.5740285502921665,20210408100028Apr8_10_00_fasting.csv,S1,fasting,Well Hydrated,6.174444444444444,426,327168,328704
390.30263157894746,153.72686511816065,153.72686511816065,0.2701242571582928,16.207455429497568,24.263439950451286,110.35322187684918,0.0,75,review_rr_rejections,,0.7432432432432432,True,0.078125,0.0,0.0,0.0,0,1536,30.0,0.8094676671574653,20.027965124084414,0.20932707174696838,2.154199021003088,20210408100028Apr8_10_00_fasting.csv,S1,fasting,Well Hydrated,6.174444444444444,427,327936,329472
436.6711309523806,137.40317540374122,137.40317540374122,0.21838829438742086,13.103297663245252,32.61613864331429,102.48836707137085,0.0,72,review_rr_rejections,,0.704225352112676,True,0.02734375,0.0,0.0,0.0,0,1536,30.0,0.5625864996846544,20.129510385991637,0.12987684353079773,2.170827314171426,20210408100028Apr8_10_00_fasting.csv,S1,fasting,Well Hydrated,6.174444444444444,428,328704,330240
420.4111842105263,142.7174210711631,142.7174210711631,0.12537612838515547,7.522567703109328,35.02806143495004,128.61789709140808,0.0,71,review_rr_rejections,"
The maximal number of iterations maxit (set to 20 by the program)
allowed for finding a smoothing spline with fp=s has been reached: s
too small.
There is an approximation returned but the corresponding weighted sum
of squared residuals does not satisfy the condition abs(fp-s)/s < tol.",0.7285714285714285,True,0.08854166666666667,0.0,0.0,0.0,0,1536,30.0,0.8549817886522683,19.563460486023374,0.2441149230200946,2.1363587911137536,20210408100028Apr8_10_00_fasting.csv,S1,fasting,Well Hydrated,6.174444444444444,429,329472,331008
383.4412500000006,156.47768725978204,156.47768725978204,0.20892092343048155,12.535255405828893,44.798321937740795,121.89541986627292,16.666666666666664,76,review_rr_rejections,,0.6666666666666666,True,0.07421875,0.0,0.0,0.0,0,1536,30.0,0.8848428107114246,19.211200379803575,0.05462748673530313,1.948388565674822,20210408100028Apr8_10_00_fasting.csv,S1,fasting,Well Hydrated,6.174444444444444,430,330240,331776
353.3238636363635,169.81587199485412,169.81587199485412,0.343554066821266,20.61324400927596,40.59907826847731,103.31111127884934,8.333333333333332,83,review_rr_rejections,,0.5975609756097561,True,0.0,0.0,0.0,0.0,0,1536,30.0,0.7675146194710248,19.489545557766174,0.10350288180509455,2.126187190132475,20210408100028Apr8_10_00_fasting.csv,S1,fasting,Well Hydrated,6.174444444444444,431,331008,332544
333.0463709677418,180.15509319514993,180.15509319514993,0.2909796314258002,17.45877788554801,36.23864465345491,79.98648719947346,0.0,88,review_rr_rejections,"
The maximal number of iterations maxit (set to 20 by the program)
allowed for finding a smoothing spline with fp=s has been reached: s
too small.
There is an approximation returned but the corresponding weighted sum
of squared residuals does not satisfy the condition abs(fp-s)/s < tol.",0.6436781609195402,True,0.0,0.0,0.0,0.0,0,1536,30.0,0.5664242611773439,19.49007616755875,0.07213888413799142,2.2105227642661642,20210408100028Apr8_10_00_fasting.csv,S1,fasting,Well Hydrated,6.174444444444444,432,331776,333312
343.09103260869585,174.88070015642626,174.88070015642626,0.12687135244861708,7.612281146917025,41.68162138621708,101.12877241489164,14.285714285714285,83,review_rr_rejections,"
The maximal number of iterations maxit (set to 20 by the program)
allowed for finding a smoothing spline with fp=s has been reached: s
too small.
There is an approximation returned but the corresponding weighted sum
of squared residuals does not satisfy the condition abs(fp-s)/s < tol.",0.7195121951219512,True,0.0,0.0,0.0,0.0,0,1536,30.0,0.3622017304457745,19.193810333525494,0.023553917107422457,1.978810104142979,20210408100028Apr8_10_00_fasting.csv,S1,fasting,Well Hydrated,6.174444444444444,433,332544,334080
330.86111111111154,181.34497523297767,181.34497523297767,0.3363040188330251,20.178241129981505,19.469577630883336,96.60298572699281,0.0,77,review_rr_rejections,,0.7631578947368421,True,0.0,0.0,0.0,0.0,0,1536,30.0,0.39346759768843204,19.337393590647974,0.07118315467907478,2.167523945106192,20210408100028Apr8_10_00_fasting.csv,S1,fasting,Well Hydrated,6.174444444444444,434,333312,334848
344.46875000000017,174.18125737095156,174.18125737095156,0.1530221882172915,9.18133129303749,3.806155068599941,88.73539654686265,0.0,76,review_rr_rejections,,0.7466666666666667,True,0.0,0.0,0.0,0.0,0,1536,30.0,0.4082724399703383,19.550041904055448,0.029241687230940717,2.114327802041554,20210408100028Apr8_10_00_fasting.csv,S1,fasting,Well Hydrated,6.174444444444444,435,334080,335616
342.4300595238093,175.21826233198485,175.21826233198485,0.13925637097897228,8.355382258738336,34.51694768855522,107.30137506848996,25.0,77,review_rr_rejections,,0.7236842105263158,True,0.125,0.0,0.0,0.0,0,1536,30.0,1.5066067788431756,19.484948266990223,0.8660026053490458,1.0480216402155031,20210408100028Apr8_10_00_fasting.csv,S1,fasting,Well Hydrated,6.174444444444444,436,334848,336384
369.86666666666713,162.22062004325863,162.22062004325863,0.18053800324968408,10.832280194981045,37.83208106120917,119.94248321388812,25.0,70,review_rr_rejections,,0.782608695652174,True,0.2975260416666667,0.0,0.0,0.0,0,1536,30.0,4.135098503648752,20.053300639527983,3.1495370039035375,1.4792093349079236,20210408100028Apr8_10_00_fasting.csv,S1,fasting,Well Hydrated,6.174444444444444,437,335616,337152
400.5624999999997,149.78935871430812,149.78935871430812,0.20837674515524066,12.50260470931444,,136.8286474976698,,71,insufficient_valid_beats,Mean of empty slice.; Degrees of freedom <= 0 for slice,0.8285714285714286,False,0.17252604166666666,0.0,0.0,0.0,0,1536,30.0,3.1294656868099753,19.977011847213486,2.5035774973813605,1.2574253488998106,20210408100028Apr8_10_00_fasting.csv,S1,fasting,Well Hydrated,6.174444444444444,438,336384,337920
407.7746710526312,147.14008558971,147.14008558971,0.25846471956577927,15.507883173946755,46.05146516883542,135.9354841724958,28.57142857142857,71,review_rr_rejections,,0.7285714285714285,True,0.12434895833333333,0.0,0.0,0.0,0,1536,30.0,1.6196852894818183,19.180921019332867,0.33905996844287384,1.9906676362890514,20210408100028Apr8_10_00_fasting.csv,S1,fasting,Well Hydrated,6.174444444444444,439,337152,338688
352.681919642857,170.1249671680333,170.1249671680333,0.304228780042592,18.25372680255552,38.49209685354122,108.276460628199,16.666666666666664,74,review_rr_rejections,,0.6164383561643836,True,0.20182291666666666,0.0,0.0,0.0,0,1536,30.0,2.1660127338530626,19.727580765095258,0.7725895529576348,1.592706754198964,20210408100028Apr8_10_00_fasting.csv,S1,fasting,Well Hydrated,6.174444444444444,440,337920,339456
308.32291666666646,194.60116895841088,194.60116895841088,0.13537295248409367,8.12237714904562,17.45874508514,118.81017035989012,0.0,84,review_rr_rejections,,0.7108433734939759,True,0.07747395833333333,0.0,0.0,0.0,0,1536,30.0,1.174630661886715,20.443404588447986,0.1849407382869943,1.4067666514838206,20210408100028Apr8_10_00_fasting.csv,S1,fasting,Well Hydrated,6.174444444444444,441,338688,340224
368.0104166666667,163.0388632568145,163.0388632568145,0.22675736961451246,13.605442176870747,33.58576109327183,128.7366417861211,28.57142857142857,80,review_rr_rejections,,0.6962025316455697,True,0.14778645833333334,0.0,0.0,0.0,0,1536,30.0,1.9940366510195844,20.955416010915084,0.9260024277770079,1.230386138708692,20210408100028Apr8_10_00_fasting.csv,S1,fasting,Well Hydrated,6.174444444444444,442,339456,340992
373.95486111111103,160.44717221144117,160.44717221144117,0.39662865642042633,23.79771938522558,37.84173284604795,108.81062470905893,33.33333333333333,73,review_rr_rejections,"
The maximal number of iterations maxit (set to 20 by the program)
allowed for finding a smoothing spline with fp=s has been reached: s
too small.
There is an approximation returned but the corresponding weighted sum
of squared residuals does not satisfy the condition abs(fp-s)/s < tol.",0.625,True,0.244140625,0.0,0.0,0.0,0,1536,30.0,2.8837548978299146,21.95869346166042,1.2453848576971194,1.8144607400861978,20210408100028Apr8_10_00_fasting.csv,S1,fasting,Well Hydrated,6.174444444444444,443,340224,341760
350.5012500000003,171.18341232734534,171.18341232734534,0.34281796366129585,20.56907781967775,46.40064675768329,98.90288105636785,33.33333333333333,76,review_rr_rejections,"
The maximal number of iterations maxit (set to 20 by the program)
allowed for finding a smoothing spline with fp=s has been reached: s
too small.
There is an approximation returned but the corresponding weighted sum
of squared residuals does not satisfy the condition abs(fp-s)/s < tol.",0.6666666666666666,True,0.09635416666666667,0.0,0.0,0.0,0,1536,30.0,1.3702252661592265,21.835003550833395,0.7333066120088546,2.061084975927897,20210408100028Apr8_10_00_fasting.csv,S1,fasting,Well Hydrated,6.174444444444444,444,340992,342528
327.70738636363615,183.0901667056775,183.0901667056775,0.1389467833819647,8.336807002917881,37.220539794436654,96.68915850439635,14.285714285714285,79,review_rr_rejections,,0.717948717948718,True,0.1171875,0.0,0.0,0.0,0,1536,30.0,1.4755606626775337,20.92036222901559,0.3115521536764579,1.3379731028400599,20210408100028Apr8_10_00_fasting.csv,S1,fasting,Well Hydrated,6.174444444444444,445,341760,343296
306.28124999999994,195.89837771655957,195.89837771655957,0.19241870309794112,11.545122185876467,26.76005214167188,86.56620359989518,0.0,74,review_rr_rejections,,0.7671232876712328,True,0.1171875,0.0,0.0,0.0,0,1536,30.0,1.5612064291182282,20.650051554134304,0.239812287489613,1.4385832616180108,20210408100028Apr8_10_00_fasting.csv,S1,fasting,Well Hydrated,6.174444444444444,446,342528,344064
331.1546875000004,181.18420866381342,181.18420866381342,0.3024803387779794,18.148820326678766,39.82662622229108,98.28772359194585,16.666666666666664,75,review_rr_rejections,,0.7297297297297297,True,0.16536458333333334,0.0,0.0,0.0,0,1536,30.0,1.7002075298131,20.6750029925588,0.21519029490668803,1.2227596227224486,20210408100028Apr8_10_00_fasting.csv,S1,fasting,Well Hydrated,6.174444444444444,447,343296,344832
359.33630952380963,166.9744982896709,166.9744982896709,0.132749236691889,7.964954201513341,41.82525696915289,134.37000056617592,28.57142857142857,72,review_rr_rejections,,0.704225352112676,True,0.3756510416666667,0.0,0.0,0.0,0,1536,30.0,2.7414704098844775,22.345364194868896,3.0245899184395384,1.8515959734920084,20210408100028Apr8_10_00_fasting.csv,S1,fasting,Well Hydrated,6.174444444444444,448,344064,345600
372.9177631578949,160.89338167191502,160.89338167191502,0.2826855123674912,16.96113074204947,46.99051738338668,147.20457710832673,33.33333333333333,70,review_rr_rejections,,0.7246376811594203,True,0.3111979166666667,0.0,0.0,0.0,0,1536,30.0,2.5553892913060445,23.82111792948559,0.5603675348195185,1.7539489916933637,20210408100028Apr8_10_00_fasting.csv,S1,fasting,Well Hydrated,6.174444444444444,449,344832,346368
346.5085227272723,173.15591411073146,173.15591411073146,0.2627775587964788,15.766653527788728,34.542612195546084,114.61066025020567,0.0,78,review_rr_rejections,,0.7142857142857143,True,0.10286458333333333,0.0,0.0,0.0,0,1536,30.0,1.7343510997727847,24.038398745625077,0.5271569651977758,1.616603919242821,20210408100028Apr8_10_00_fasting.csv,S1,fasting,Well Hydrated,6.174444444444444,450,345600,347136
377.27380952380975,159.035688365782,159.035688365782,0.2527486414760521,15.164918488563124,52.821837192349285,115.3910051456496,40.0,71,review_rr_rejections,,0.7,True,0.380859375,0.0,0.0,0.0,0,1536,30.0,5.673638487997544,22.911806071419864,3.9985465904561353,2.0409542352419647,20210408100028Apr8_10_00_fasting.csv,S1,fasting,Well Hydrated,6.174444444444444,451,346368,347904
424.5109374999999,141.33911449572489,141.33911449572489,0.11788282447247435,7.072969468348461,67.24389106392151,123.03829167483451,66.66666666666666,67,review_rr_rejections,,0.696969696969697,True,0.6861979166666666,0.0,0.0,0.0,0,1536,30.0,7.317556696902893,21.94175339234361,2.653970602269706,2.201878464013727,20210408100028Apr8_10_00_fasting.csv,S1,fasting,Well Hydrated,6.174444444444444,452,347136,348672
453.0888157894737,132.42436782610588,132.42436782610588,0.23253110103476338,13.951866062085802,57.127496911035344,141.9645936617012,37.5,67,review_rr_rejections,,0.7121212121212122,True,0.5774739583333334,0.0,0.0,0.0,0,1536,30.0,3.835083001158342,20.905981275166887,4.093648244786116,2.0825291016255316,20210408100028Apr8_10_00_fasting.csv,S1,fasting,Well Hydrated,6.174444444444444,453,347904,349440
474.3455882352943,126.49005595944872,126.49005595944872,0.24829298572315334,14.8975791433892,54.45877167637819,143.58794152728785,40.0,63,review_rr_rejections,,0.7258064516129032,True,0.3255208333333333,0.0,0.0,0.0,0,1536,30.0,2.4327512275226186,19.640257401177816,1.5617444786590724,2.045057994104716,20210408100028Apr8_10_00_fasting.csv,S1,fasting,Well Hydrated,6.174444444444444,454,348672,350208
457.9765624999998,131.01107111785885,131.01107111785885,0.2732987154960371,16.397922929762228,27.42836016619119,150.74792924410824,0.0,65,review_rr_rejections,,0.75,True,0.25390625,0.0,0.0,0.0,0,1536,30.0,2.1170285298045934,20.18972834123622,2.989512191977761,1.9185649851796072,20210408100028Apr8_10_00_fasting.csv,S1,fasting,Well Hydrated,6.174444444444444,455,349440,350976
440.0378289473686,136.3519135241811,136.3519135241811,0.23946360153256704,14.367816091954023,23.349738466593756,157.63224384250424,0.0,66,review_rr_rejections,,0.7076923076923077,True,0.19856770833333334,0.0,0.0,0.0,0,1536,30.0,1.568301298860321,22.46056385050394,6.454552403030115,1.9115842064515698,20210408100028Apr8_10_00_fasting.csv,S1,fasting,Well Hydrated,6.174444444444444,456,350208,351744
368.6589673913044,162.75204269292712,162.75204269292712,0.11809163911195088,7.085498346717053,55.40623678087528,133.2714136403701,50.0,75,review_rr_rejections,,0.6891891891891891,True,0.06705729166666667,0.0,0.0,0.0,0,1536,30.0,0.8498967543777208,23.137582253681092,3.44271231584327,1.527200247159453,20210408100028Apr8_10_00_fasting.csv,S1,fasting,Well Hydrated,6.174444444444444,457,350976,352512
386.735,155.14499592744386,155.14499592744386,0.20712510356255176,12.427506213753105,58.609750593082516,112.03447715714596,50.0,78,review_rr_rejections,,0.6753246753246753,True,0.07161458333333333,0.0,0.0,0.0,0,1536,30.0,1.1380359327526255,21.62704673930983,1.778574518496342,1.5632182943005142,20210408100028Apr8_10_00_fasting.csv,S1,fasting,Well Hydrated,6.174444444444444,458,351744,353280
369.5426136363638,162.36287179329477,162.36287179329477,0.24639645189109274,14.783787113465564,59.13984353843,117.67218311825718,40.0,78,review_rr_rejections,"
The maximal number of iterations maxit (set to 20 by the program)
allowed for finding a smoothing spline with fp=s has been reached: s
too small.
There is an approximation returned but the corresponding weighted sum
of squared residuals does not satisfy the condition abs(fp-s)/s < tol.",0.7142857142857143,True,0.048828125,0.0,0.0,0.0,0,1536,30.0,1.0100296377336073,21.016494259452575,0.3530472483522505,1.9354468874324808,20210408100028Apr8_10_00_fasting.csv,S1,fasting,Well Hydrated,6.174444444444444,459,352512,354048
333.8515625000003,179.72059064423263,179.72059064423263,0.3000300030003,18.001800180018,32.65987943347868,101.52353525389644,0.0,79,review_rr_rejections,,0.7435897435897436,True,0.044270833333333336,0.0,0.0,0.0,0,1536,30.0,0.8713445646267116,20.292269741169036,0.2573760816454744,2.094290253916765,20210408100028Apr8_10_00_fasting.csv,S1,fasting,Well Hydrated,6.174444444444444,460,353280,354816
303.53472222222234,197.67096021414346,197.67096021414346,0.18328445747800584,10.997067448680351,25.51735679977275,107.99830702164273,0.0,80,review_rr_rejections,,0.7721518987341772,True,0.0,0.0,0.0,0.0,0,1536,30.0,0.5983625620779401,20.30335828971022,0.22715202733167864,2.221662522506737,20210408100028Apr8_10_00_fasting.csv,S1,fasting,Well Hydrated,6.174444444444444,461,354048,355584
326.2591911764707,183.9028650308476,183.9028650308476,0.18057060310581435,10.83423618634886,53.043365587158114,112.21104525407173,50.0,78,review_rr_rejections,,0.7792207792207793,True,0.099609375,0.0,0.0,0.0,0,1536,30.0,1.0724650460059089,20.67733252083381,0.14650539968923582,2.144848085221023,20210408100028Apr8_10_00_fasting.csv,S1,fasting,Well Hydrated,6.174444444444444,462,354816,356352
749.6093750000003,80.04168837936422,80.04168837936422,0.22246941045606228,13.348164627363737,107.65624999999886,158.8704726091583,100.0,40,review_rr_rejections,,0.8461538461538461,True,0.599609375,0.0,0.0,0.0,0,1536,30.0,5.663806432543908,21.855454106207898,2.4291314154586168,1.8625302802174022,20210408100028Apr8_10_00_fasting.csv,S1,fasting,Well Hydrated,6.174444444444444,463,355584,357120
450.52734374999966,133.17726622447663,133.17726622447663,0.27762354247640203,16.657412548584123,72.12499999999847,112.81589702024844,100.0,50,review_rr_rejections,"
The maximal number of iterations maxit (set to 20 by the program)
allowed for finding a smoothing spline with fp=s has been reached: s
too small.
There is an approximation returned but the corresponding weighted sum
of squared residuals does not satisfy the condition abs(fp-s)/s < tol.",0.8367346938775511,True,0.7109375,0.0,0.0,0.0,0,1536,30.0,7.496589736133028,20.951322769694,5.699290773461992,2.1035316318505837,20210408100028Apr8_10_00_fasting.csv,S1,fasting,Well Hydrated,6.174444444444444,464,356352,357888
449.36284722222257,133.5223870217475,133.5223870217475,0.24749412201460216,14.84964732087613,59.27450376742985,152.82714729665784,33.33333333333333,71,review_rr_rejections,"
The maximal number of iterations maxit (set to 20 by the program)
allowed for finding a smoothing spline with fp=s has been reached: s
too small.
There is an approximation returned but the corresponding weighted sum
of squared residuals does not satisfy the condition abs(fp-s)/s < tol.",0.7428571428571429,True,0.5084635416666666,0.0,0.0,0.0,0,1536,30.0,4.15249214266987,18.56811867229065,0.7596421607801483,1.33444894538298,20210408100028Apr8_10_00_fasting.csv,S1,fasting,Well Hydrated,6.174444444444444,465,357120,358656
525.2109374999995,114.23981436030176,114.23981436030176,0.1588057805304113,9.528346831824678,6.260901950133071,126.9553882009808,0.0,59,review_rr_rejections,,0.7931034482758621,True,0.7799479166666666,0.0,0.0,0.0,0,1536,30.0,4.112196796199059,18.472416605331816,0.3482246191951061,2.115962210701904,20210408100028Apr8_10_00_fasting.csv,S1,fasting,Well Hydrated,6.174444444444444,466,357888,359424
485.60069444444457,123.55830765160559,123.55830765160559,0.22904260192395787,13.742556115437472,12.395014853929434,138.74153798159003,0.0,55,review_rr_rejections,,0.8333333333333334,True,0.810546875,0.0,0.0,0.0,0,1536,30.0,4.153070665206708,18.51795205116453,0.29606044960814937,2.1603257493659385,20210408100028Apr8_10_00_fasting.csv,S1,fasting,Well Hydrated,6.174444444444444,467,358656,360192
508.40104166666697,118.01706739880952,118.01706739880952,0.16404199475065617,9.84251968503937,17.531250000000227,134.02632745374297,0.0,59,review_rr_rejections,,0.7931034482758621,True,0.6796875,0.0,0.0,0.0,0,1536,30.0,3.178949603289014,17.74791917498391,0.5607863616988972,2.261142428047664,20210408100028Apr8_10_00_fasting.csv,S1,fasting,Well Hydrated,6.174444444444444,468,359424,360960
,,,,,,,,0,timing_gap,,,False,0.564453125,0.0,0.0,0.0,1,1536,30.0,3.939472680996475,17.215285920369695,0.9867559127999274,2.227818606381065,20210408100028Apr8_10_00_fasting.csv,S1,fasting,Well Hydrated,6.174444444444444,469,360192,361728
,,,,,,,,0,timing_gap,,,False,0.23763020833333334,0.0,0.0,0.0,1,1536,30.0,2.7049669665690037,17.5002597680645,0.9042094062200586,1.8530453513411365,20210408100028Apr8_10_00_fasting.csv,S1,fasting,Well Hydrated,6.174444444444444,470,360960,362496
356.0218749999998,168.52897030554664,168.52897030554664,0.14064697609001406,8.438818565400844,34.94297530888683,115.46901560355147,20.0,73,review_rr_rejections,,0.7222222222222222,True,0.39453125,0.0,0.0,0.0,0,1536,30.0,2.4349059062249157,17.783369693954185,0.06956991210824343,1.5632418331132638,20210408100028Apr8_10_00_fasting.csv,S1,fasting,Well Hydrated,6.174444444444444,471,361728,363264
385.0833333333334,155.810430642718,155.810430642718,0.17334026694401108,10.400416016640666,15.86418492331805,133.80678246905964,0.0,66,review_rr_rejections,,0.7692307692307693,True,0.708984375,0.0,0.0,0.0,0,1536,30.0,4.333214976678874,17.842969025548545,0.10296119531797315,1.8572690475355986,20210408100028Apr8_10_00_fasting.csv,S1,fasting,Well Hydrated,6.174444444444444,472,362496,364032
376.3839285714285,159.41169493535764,159.41169493535764,0.19011406844106465,11.406844106463879,33.24679358756592,115.77134767550241,0.0,67,review_rr_rejections,,0.7878787878787878,True,0.5494791666666666,0.0,0.0,0.0,0,1536,30.0,3.5208137953784173,17.813656028696034,0.13256811385295073,2.092133422518864,20210408100028Apr8_10_00_fasting.csv,S1,fasting,Well Hydrated,6.174444444444444,473,363264,364800
463.43923611111103,129.4668110181651,129.4668110181651,0.36014405762304924,21.608643457382954,42.29449972551015,106.92483379281572,16.666666666666664,66,review_rr_rejections,,0.7230769230769231,True,0.5442708333333334,0.0,0.0,0.0,0,1536,30.0,3.1211041005038083,17.83745420062596,0.17173679075367473,1.758547539025626,20210408100028Apr8_10_00_fasting.csv,S1,fasting,Well Hydrated,6.174444444444444,474,364032,365568
392.87202380952425,152.7214878224308,152.7214878224308,0.24274790629930815,14.564874377958489,45.68866847570922,132.9631529670751,33.33333333333333,71,review_rr_rejections,,0.7,True,0.4986979166666667,0.0,0.0,0.0,0,1536,30.0,3.135768979554578,17.093022611511014,0.8290681648004083,2.0525535656062437,20210408100028Apr8_10_00_fasting.csv,S1,fasting,Well Hydrated,6.174444444444444,475,364800,366336
,,,,,,,,0,timing_gap,,,False,0.267578125,0.0,0.0,0.0,1,1536,30.0,2.4429472441728737,16.36814875803341,0.45254033401194577,2.106847194765401,20210408100028Apr8_10_00_fasting.csv,S1,fasting,Well Hydrated,6.174444444444444,476,365568,367104
,,,,,,,,0,timing_gap,,,False,0.10286458333333333,0.0,0.0,0.0,1,1536,30.0,1.3291428233363385,16.716751130761693,0.4800331727380988,2.016611667885389,20210408100028Apr8_10_00_fasting.csv,S1,fasting,Well Hydrated,6.174444444444444,477,366336,367872
418.40922619047626,143.40027954518777,143.40027954518777,0.11396011396011396,6.837606837606838,67.30534432717805,159.18511882671194,60.0,76,review_rr_rejections,,0.72,True,0.0,0.0,0.0,0.0,0,1536,30.0,0.34765914348960675,16.72997357737564,0.08210278540693296,2.015967521142144,20210408100028Apr8_10_00_fasting.csv,S1,fasting,Well Hydrated,6.174444444444444,478,367104,368640
403.0121527777775,148.87888513149687,148.87888513149687,0.13804527885146328,8.282716731087797,67.62534477442156,163.89957457108986,75.0,78,review_rr_rejections,,0.7662337662337663,True,0.049479166666666664,0.0,0.0,0.0,0,1536,30.0,1.3787465197340454,17.143091463317386,0.9428732641748718,1.5483344968561261,20210408100028Apr8_10_00_fasting.csv,S1,fasting,Well Hydrated,6.174444444444444,479,367872,369408
356.2051630434782,168.44225245740313,168.44225245740313,0.24443901246638963,14.666340747983378,53.93879150636095,137.21887665664283,66.66666666666666,79,review_rr_rejections,,0.7051282051282052,True,0.294921875,0.0,0.0,0.0,0,1536,30.0,4.196566557524963,18.06469817059603,0.7775171451317925,2.000953215993555,20210408100028Apr8_10_00_fasting.csv,S1,fasting,Well Hydrated,6.174444444444444,480,368640,370176
375.9224999999999,159.6073658799354,159.6073658799354,0.10654165778819517,6.39249946729171,46.346617229000096,140.00049752143715,42.857142857142854,75,review_rr_rejections,,0.6621621621621622,True,0.24544270833333334,0.0,0.0,0.0,0,1536,30.0,3.3140881625070953,18.60925063113972,0.2826390617923642,2.020300592080896,20210408100028Apr8_10_00_fasting.csv,S1,fasting,Well Hydrated,6.174444444444444,481,369408,370944
317.5345394736843,188.95582225307024,188.95582225307024,0.16603021749958494,9.961813049975095,44.36509847718876,102.98379731656095,25.0,82,review_rr_rejections,,0.7654320987654321,True,0.044921875,0.0,0.0,0.0,0,1536,30.0,1.2233135678511708,17.530706700946883,2.4231066020083842,1.743769136686423,20210408100028Apr8_10_00_fasting.csv,S1,fasting,Well Hydrated,6.174444444444444,482,370176,371712
,,,,,,,,0,heartpy_failed,ValueError: invalid number of data points (0) specified,,False,0.21809895833333334,0.0,0.0,0.0,0,1536,30.0,3.655454492577506,17.96219538427327,4.246854966723702,1.793503622294918,20210408100028Apr8_10_00_fasting.csv,S1,fasting,Well Hydrated,6.174444444444444,483,370944,372480
503.0580357142858,119.27053290145093,119.27053290145093,0.28422548555187116,17.05352913311227,46.57901736188113,114.52946215461019,50.0,66,review_rr_rejections,,0.676923076923077,True,0.4205729166666667,0.0,0.0,0.0,0,1536,30.0,6.459698914758159,19.515753531973022,0.8160368457629564,1.6624381405456292,20210408100028Apr8_10_00_fasting.csv,S1,fasting,Well Hydrated,6.174444444444444,484,371712,373248
440.6887500000001,136.15051439366218,136.15051439366218,0.3635372171226029,21.812233027356175,34.7887879298055,142.7229044665747,22.22222222222222,69,review_rr_rejections,"
The maximal number of iterations maxit (set to 20 by the program)
allowed for finding a smoothing spline with fp=s has been reached: s
too small.
There is an approximation returned but the corresponding weighted sum
of squared residuals does not satisfy the condition abs(fp-s)/s < tol.",0.6323529411764706,True,0.427734375,0.0,0.0,0.0,0,1536,30.0,6.777573414917168,19.573712949462656,0.5151211789225557,1.660509437296759,20210408100028Apr8_10_00_fasting.csv,S1,fasting,Well Hydrated,6.174444444444444,485,372480,374016
500.54166666666646,119.87014068092904,119.87014068092904,0.3333333333333333,20.0,,164.84344803158203,,59,insufficient_valid_beats,Mean of empty slice.; Degrees of freedom <= 0 for slice,0.7931034482758621,False,0.6686197916666666,0.0,0.0,0.0,0,1536,30.0,11.974323079956072,19.198503178145696,1.6065595494152394,1.9807332618848432,20210408100028Apr8_10_00_fasting.csv,S1,fasting,Well Hydrated,6.174444444444444,486,373248,374784
631.0852272727271,95.07432183018072,95.07432183018072,0.14417531718569782,8.650519031141869,58.06249999999568,138.2173726313274,100.0,49,review_rr_rejections,,0.7708333333333334,True,0.6575520833333334,0.0,0.0,0.0,0,1536,30.0,11.864682755194044,18.154451009584243,1.196312440277672,1.9635612185631253,20210408100028Apr8_10_00_fasting.csv,S1,fasting,Well Hydrated,6.174444444444444,487,374016,375552
521.59375,115.0320532023246,115.0320532023246,0.2559181062060141,15.355086372360844,51.304046863862595,149.09641211030745,50.0,57,review_rr_rejections,,0.7321428571428571,True,0.2643229166666667,0.0,0.0,0.0,0,1536,30.0,4.8805064634286,17.85571818490426,0.18106401239230743,1.7043389401232112,20210408100028Apr8_10_00_fasting.csv,S1,fasting,Well Hydrated,6.174444444444444,488,374784,376320
431.4618055555552,139.06213534415477,139.06213534415477,0.1288659793814433,7.731958762886599,43.333743362443144,108.44167937208739,16.666666666666664,68,review_rr_rejections,,0.7313432835820896,True,0.4440104166666667,0.0,0.0,0.0,0,1536,30.0,7.267773322079574,16.645500776773684,2.0231269912871226,1.826796753403023,20210408100028Apr8_10_00_fasting.csv,S1,fasting,Well Hydrated,6.174444444444444,489,375552,377088
355.9015625000003,168.5859415129709,168.5859415129709,0.140607424071991,8.43644544431946,49.397271480188884,111.74533524371597,40.0,68,review_rr_rejections,,0.7014925373134329,True,0.498046875,0.0,0.0,0.0,0,1536,30.0,7.741437868254695,15.462867194214818,0.24906471811827133,1.726281911459319,20210408100028Apr8_10_00_fasting.csv,S1,fasting,Well Hydrated,6.174444444444444,490,376320,377856
385.6249999999998,155.59157212317675,155.59157212317675,0.43271311120726963,25.962786672436177,55.533907153647874,166.73890719548015,40.0,65,review_rr_rejections,,0.71875,True,0.4928385416666667,0.0,0.0,0.0,0,1536,30.0,6.770951149448098,15.422598491002105,0.16711808920660465,2.032147948160063,20210408100028Apr8_10_00_fasting.csv,S1,fasting,Well Hydrated,6.174444444444444,491,377088,378624
,,,,,,,,0,timing_gap,,,False,0.5234375,0.0,0.0,0.0,1,1536,30.0,6.552810836022686,15.434934821129636,0.2224851614257565,2.1233728918745287,20210408100028Apr8_10_00_fasting.csv,S1,fasting,Well Hydrated,6.174444444444444,492,377856,379392
,,,,,,,,0,timing_gap,,,False,0.232421875,0.0,0.0,0.0,1,1536,30.0,3.7286247842659175,15.531175995708962,0.1420496086274924,1.995062816122518,20210408100028Apr8_10_00_fasting.csv,S1,fasting,Well Hydrated,6.174444444444444,493,378624,380160
391.2723214285711,153.3458839637174,153.3458839637174,0.365764447695684,21.94586686174104,45.72070441823967,145.21916569990066,50.0,63,review_rr_rejections,,0.7741935483870968,True,0.052734375,0.0,0.0,0.0,0,1536,30.0,2.6906010350966945,15.860092570788204,0.24081718914825687,2.110752755275222,20210408100028Apr8_10_00_fasting.csv,S1,fasting,Well Hydrated,6.174444444444444,494,379392,380928
436.7388392857147,137.38187356574437,137.38187356574437,0.163826998689384,9.82961992136304,48.11822699904334,164.55755055661515,50.0,62,review_rr_rejections,,0.7704918032786885,True,0.13216145833333334,0.0,0.0,0.0,0,1536,30.0,4.410069014800385,15.81753260940186,0.4795065756495888,1.7341928643331028,20210408100028Apr8_10_00_fasting.csv,S1,fasting,Well Hydrated,6.174444444444444,495,380160,381696
673.6614583333334,89.06550799038216,89.06550799038216,0.2475860361475613,14.855162168853678,47.06249999999909,44.16937178478835,0.0,50,review_rr_rejections,,0.8775510204081632,True,0.3072916666666667,0.0,0.0,0.0,0,1536,30.0,6.511676590243982,14.874922482636777,0.5767899842320526,2.091163852973298,20210408100028Apr8_10_00_fasting.csv,S1,fasting,Well Hydrated,6.174444444444444,496,380928,382464
,,,,,,,,0,heartpy_failed,ValueError: invalid number of data points (0) specified,,False,0.2545572916666667,0.0,0.0,0.0,0,1536,30.0,5.350938436457351,14.150067155853904,0.1770093237175817,2.071714978065647,20210408100028Apr8_10_00_fasting.csv,S1,fasting,Well Hydrated,6.174444444444444,497,381696,383232
724.8520833333336,82.77550879633486,82.77550879633486,0.09205560158335635,5.5233360950013815,64.7433359062592,134.57972508707937,50.0,49,review_rr_rejections,,0.6875,True,0.13606770833333334,0.0,0.0,0.0,0,1536,30.0,4.209614730284314,15.228661021719512,2.244518689210182,1.9113945360264535,20210408100028Apr8_10_00_fasting.csv,S1,fasting,Well Hydrated,6.174444444444444,498,382464,384000
1031.1562500000014,58.18710791890164,58.18710791890164,,,,118.18750000000125,,35,insufficient_valid_beats,Mean of empty slice.; Degrees of freedom <= 0 for slice,0.9411764705882353,False,0.513671875,0.0,0.0,0.0,0,1536,30.0,10.986866238055972,15.29072390662553,2.605774065802148,2.1585341839238636,20210408100028Apr8_10_00_fasting.csv,S1,fasting,Well Hydrated,6.174444444444444,499,383232,384768
,,,,,,,,0,heartpy_failed,"BadSignalWarning: ----------------
Could not determine best fit for given signal. Please check the source signal.
 Probable causes:
- detected heart rate falls outside of bpmmin<->bpmmax constraints
- no detectable heart rate present in signal
- very noisy signal (consider filtering and scaling)
If you're sure the signal contains heartrate data, consider filtering and/or scaling first.
----------------",,False,0.8385416666666666,0.0,0.0,0.0,0,1536,30.0,18.591237856878063,13.298586450794332,1.1975826881526341,2.101219107500292,20210408100028Apr8_10_00_fasting.csv,S1,fasting,Well Hydrated,6.174444444444444,500,384000,385536
,,,,,,,,0,heartpy_failed,"BadSignalWarning: ----------------
Could not determine best fit for given signal. Please check the source signal.
 Probable causes:
- detected heart rate falls outside of bpmmin<->bpmmax constraints
- no detectable heart rate present in signal
- very noisy signal (consider filtering and scaling)
If you're sure the signal contains heartrate data, consider filtering and/or scaling first.
----------------",,False,0.7005208333333334,0.0,0.0,0.0,0,1536,30.0,14.305928811400003,12.422209249489017,0.2917474143928891,1.4734825777236185,20210408100028Apr8_10_00_fasting.csv,S1,fasting,Well Hydrated,6.174444444444444,501,384768,386304
,,,,,,,,0,timing_gap,,,False,0.662109375,0.0,0.0,0.0,1,1536,30.0,10.339591211761496,11.871855613442818,0.3812746989150546,1.788848856243957,20210408100028Apr8_10_00_fasting.csv,S1,fasting,Well Hydrated,6.174444444444444,502,385536,387072
,,,,,,,,0,timing_gap,,,False,0.3430989583333333,0.0,0.0,0.0,2,1536,30.0,8.031038011062781,11.030286614831134,0.3097598130677997,1.9654379445507135,20210408100028Apr8_10_00_fasting.csv,S1,fasting,Well Hydrated,6.174444444444444,503,386304,387840
,,,,,,,,0,timing_gap,,,False,0.3678385416666667,0.0,0.0,0.0,1,1536,30.0,16.60663350623974,10.660108868466855,0.1334575826961667,1.699507494845924,20210408100028Apr8_10_00_fasting.csv,S1,fasting,Well Hydrated,6.174444444444444,504,387072,388608
,,,,,,,,0,timing_gap,,,False,0.6346830985915493,0.0,0.0,0.0,3,1136,22.1875,21.834617311608717,10.85138068769846,0.16822335820377116,1.8125364428242603,20210408100028Apr8_10_00_fasting.csv,S1,fasting,Well Hydrated,6.174444444444444,505,387840,388976
789.0410156250001,76.04167440202579,76.04167440202579,0.2377555872563005,14.26533523537803,42.59760544424266,38.30282351093617,16.666666666666664,41,review_rr_rejections,,0.6,True,0.453125,0.0,0.0,0.0,0,1536,30.0,2.5132832689082645,0.13401340259945746,2.6487107411806607e-06,1.6634695233479113,20210413094911Apr13_09_49_fasting.csv,S1,fasting,Well Hydrated,5.9863888888888885,0,0,1536
797.9074074074074,75.19669505883445,75.19669505883445,0.23222330593098323,13.933398355858994,48.48096084498625,58.8807489633645,30.0,42,review_rr_rejections,,0.34146341463414637,True,0.421875,0.0,0.0,0.0,0,1536,30.0,2.818151113217652,0.13496326584906124,7.157611676404404e-06,1.581640232871946,20210413094911Apr13_09_49_fasting.csv,S1,fasting,Well Hydrated,5.9863888888888885,1,768,2304
723.2512019230767,82.95872836500514,82.95872836500514,0.2660706683695189,15.964240102171136,70.17216029222894,113.20034660110716,56.25,44,review_rr_rejections,,0.3953488372093023,True,0.3352864583333333,0.0,0.0,0.0,0,1536,30.0,2.523578176764902,0.14203431441813608,5.018432938568576e-05,2.0465251742567565,20210413094911Apr13_09_49_fasting.csv,S1,fasting,Well Hydrated,5.9863888888888885,2,1536,3072
741.3091517857146,80.93789191117907,80.93789191117907,0.2892681515765114,17.356089094590686,58.55262904896888,88.87720909516747,43.47826086956522,44,review_rr_rejections,,0.3488372093023256,True,0.3665364583333333,0.0,0.0,0.0,0,1536,30.0,2.5770161921654577,0.14609413894766018,1.169279791520672e-05,2.1676611870133478,20210413094911Apr13_09_49_fasting.csv,S1,fasting,Well Hydrated,5.9863888888888885,3,2304,3840
795.2534722222221,75.44764291608634,75.44764291608634,0.1398079970174294,8.388479821045765,38.13145786401596,33.894072989755195,18.181818181818183,42,review_rr_rejections,,0.34146341463414637,True,0.259765625,0.0,0.0,0.0,0,1536,30.0,1.9010094408252938,0.14575883750543359,7.068639306704199e-06,2.2187501688563627,20210413094911Apr13_09_49_fasting.csv,S1,fasting,Well Hydrated,5.9863888888888885,4,3072,4608
781.4201388888891,76.7832783082795,76.7832783082795,0.09485416172634574,5.691249703580745,51.62133291303871,47.53728155394007,30.0,43,review_rr_rejections,,0.35714285714285715,True,0.0390625,0.0,0.0,0.0,0,1536,30.0,0.7384273301889106,0.150121444641572,2.1908588292891382e-05,1.7148560591935174,20210413094911Apr13_09_49_fasting.csv,S1,fasting,Well Hydrated,5.9863888888888885,5,3840,5376
730.7,82.11304228821677,82.11304228821677,0.10955902492467817,6.57354149548069,81.0919143750415,80.9433352143649,78.57142857142857,47,review_rr_rejections,,0.45652173913043476,True,0.09765625,0.0,0.0,0.0,0,1536,30.0,1.2521658075536506,0.15897139962332107,7.720998746131309e-05,1.7381807009240202,20210413094911Apr13_09_49_fasting.csv,S1,fasting,Well Hydrated,5.9863888888888885,6,4608,6144
,,,,,,,,0,timing_gap,,,False,0.19401041666666666,0.0,0.0,0.0,1,1536,30.0,1.7096513136057887,0.17385416102391804,0.00013946600169999112,2.063361972278799,20210413094911Apr13_09_49_fasting.csv,S1,fasting,Well Hydrated,5.9863888888888885,7,5376,6912
,,,,,,,,0,timing_gap,,,False,0.09635416666666667,0.0,0.0,0.0,1,1536,30.0,1.2220246549503417,0.20197231339283817,0.000453023908436626,1.9509432573096612,20210413094911Apr13_09_49_fasting.csv,S1,fasting,Well Hydrated,5.9863888888888885,8,6144,7680
645.4201388888882,92.96270194371678,92.96270194371678,0.08613264427217916,5.167958656330749,71.5608858208451,160.46791937677955,42.857142857142854,52,review_rr_rejections,,0.6470588235294118,True,0.2532552083333333,0.0,0.0,0.0,0,1536,30.0,1.925690399121436,0.2330240382019654,0.00021038148350434693,1.7045716705204912,20210413094911Apr13_09_49_fasting.csv,S1,fasting,Well Hydrated,5.9863888888888885,9,6912,8448
720.0711805555558,83.32509565749912,83.32509565749912,0.07720815318097592,4.632489190858555,93.85997369197597,109.67472167849628,66.66666666666666,48,review_rr_rejections,,0.6170212765957447,True,0.2630208333333333,0.0,0.0,0.0,0,1536,30.0,1.8413191763856407,0.2466649909008113,8.36658749292705e-05,1.5222323289229458,20210413094911Apr13_09_49_fasting.csv,S1,fasting,Well Hydrated,5.9863888888888885,10,7680,9216
715.0809659090909,83.90658241577063,83.90658241577063,0.12721837033267605,7.633102219960563,76.82414965329617,132.03559186617278,76.92307692307693,47,review_rr_rejections,,0.5217391304347826,True,0.328125,0.0,0.0,0.0,0,1536,30.0,1.8970141811706034,0.2434909974102145,5.337106838500627e-05,2.1531687145411165,20210413094911Apr13_09_49_fasting.csv,S1,fasting,Well Hydrated,5.9863888888888885,11,8448,9984
764.3389423076925,78.49920588744043,78.49920588744043,0.25176233635448136,15.105740181268882,60.34113471805533,92.92455950898544,50.0,46,review_rr_rejections,,0.4222222222222222,True,0.4303385416666667,0.0,0.0,0.0,0,1536,30.0,2.564343625129098,0.24004647380598354,6.962834967842446e-05,1.7864869098524156,20210413094911Apr13_09_49_fasting.csv,S1,fasting,Well Hydrated,5.9863888888888885,12,9216,10752
796.6674107142857,75.31373719204163,75.31373719204163,0.2691548537591961,16.149291225551767,66.85101599074295,61.19988110629858,43.47826086956522,41,ok,,0.3,True,0.3802083333333333,0.0,0.0,0.0,0,1536,30.0,2.586581998350813,0.22570097679129372,0.00036510579062753475,2.1050047950771305,20210413094911Apr13_09_49_fasting.csv,S1,fasting,Well Hydrated,5.9863888888888885,13,9984,11520
754.9861111111112,79.47166062657517,79.47166062657517,0.19633829087517793,11.780297452510675,74.65766856344342,57.78440842361622,47.368421052631575,42,review_rr_rejections,,0.34146341463414637,True,0.3854166666666667,0.0,0.0,0.0,0,1536,30.0,2.73915323571419,0.2050133347620605,0.00018381586445668702,1.8997204218300219,20210413094911Apr13_09_49_fasting.csv,S1,fasting,Well Hydrated,5.9863888888888885,14,10752,12288
761.0146484375,78.84210918040907,78.84210918040907,0.24651793417971155,14.791076050782692,60.222379584255314,51.7122499835649,46.42857142857143,41,ok,,0.2,True,0.24544270833333334,0.0,0.0,0.0,0,1536,30.0,2.0046649158964738,0.20539497044450752,0.00015737393706012758,1.908322826809421,20210413094911Apr13_09_49_fasting.csv,S1,fasting,Well Hydrated,5.9863888888888885,15,11520,13056
759.5962499999998,78.98933150341384,78.98933150341384,0.36884813995152277,22.130888397091365,57.59838283120235,62.270598951270856,42.10526315789473,45,review_rr_rejections,,0.4318181818181818,True,0.369140625,0.0,0.0,0.0,0,1536,30.0,2.671011758963372,0.20288556024464321,7.30853079587096e-05,2.1009634275543814,20210413094911Apr13_09_49_fasting.csv,S1,fasting,Well Hydrated,5.9863888888888885,16,12288,13824
670.5029761904761,89.48506141001114,89.48506141001114,0.3553155201819215,21.318931210915288,59.0799774456279,114.3026698925484,53.84615384615385,50,review_rr_rejections,,0.5714285714285714,True,0.4147135416666667,0.0,0.0,0.0,0,1536,30.0,3.042509699761334,0.1915731294871028,4.1575839439190414e-05,2.137298665391922,20210413094911Apr13_09_49_fasting.csv,S1,fasting,Well Hydrated,5.9863888888888885,17,13056,14592
742.904017857143,80.76413447468758,80.76413447468758,0.19242795978255642,11.545677586953385,66.30525092496913,95.24122918195121,52.38095238095239,45,review_rr_rejections,,0.36363636363636365,True,0.20247395833333334,0.0,0.0,0.0,0,1536,30.0,1.8247738117967225,0.18482707646018562,3.243597053095553e-05,2.0941317675021467,20210413094911Apr13_09_49_fasting.csv,S1,fasting,Well Hydrated,5.9863888888888885,18,13824,15360
805.2680288461536,74.50935322239522,74.50935322239522,0.0955885867227453,5.735315203364718,67.13354976808763,49.51970349907389,57.14285714285714,43,review_rr_rejections,,0.38095238095238093,True,0.038411458333333336,0.0,0.0,0.0,0,1536,30.0,1.0501325777307595,0.18248903423481924,1.7542719472568395e-05,2.0875324568432037,20210413094911Apr13_09_49_fasting.csv,S1,fasting,Well Hydrated,5.9863888888888885,19,14592,16128
,,,,,,,,0,heartpy_failed,ValueError: invalid number of data points (0) specified,,False,0.26,0.0,0.0,0.0007142857142857143,0,1400,27.34375,3.9306327385979474,0.19527639023958393,0.00034767998437682207,1.6352993074137838,20210413094911Apr13_09_49_fasting.csv,S1,fasting,Well Hydrated,5.9863888888888885,20,15360,16760
